Ticker,Date,Close/Last,Volume,Open,High,Low
BRK-B,05/31/2023,$321.08 ,6175417,$321.12 ,$322.41 ,$319.39 
BRK-B,05/30/2023,$322.19 ,3232461,$321.86 ,$322.47 ,$319.00 
BRK-B,05/26/2023,$320.60 ,3229873,$320.44 ,$322.63 ,$319.67 
BRK-B,05/25/2023,$319.02 ,4251935,$320.56 ,$320.56 ,$317.71 
BRK-B,05/24/2023,$320.20 ,3075393,$322.71 ,$323.00 ,$319.56 
BRK-B,05/23/2023,$323.11 ,4031342,$328.19 ,$329.27 ,$322.97 
BRK-B,05/22/2023,$329.13 ,2763422,$330.75 ,$331.49 ,$328.35 
BRK-B,05/19/2023,$330.39 ,4323538,$331.00 ,$333.94 ,$329.12 
BRK-B,05/18/2023,$329.76 ,2808329,$326.87 ,$329.98 ,$325.85 
BRK-B,05/17/2023,$327.39 ,3047626,$325.02 ,$328.26 ,$324.82 
BRK-B,05/16/2023,$323.75 ,2139996,$322.46 ,$324.69 ,$322.36 
BRK-B,05/15/2023,$323.53 ,2191609,$322.89 ,$323.83 ,$320.13 
BRK-B,05/12/2023,$322.49 ,1938264,$323.82 ,$324.24 ,$320.54 
BRK-B,05/11/2023,$322.64 ,2549339,$321.00 ,$322.96 ,$319.81 
BRK-B,05/10/2023,$322.99 ,2641134,$326.08 ,$326.16 ,$320.15 
BRK-B,05/09/2023,$324.87 ,2285924,$324.87 ,$326.88 ,$323.48 
BRK-B,05/08/2023,$326.14 ,3303393,$328.26 ,$330.69 ,$325.79 
BRK-B,05/05/2023,$323.88 ,3876299,$323.36 ,$325.16 ,$322.62 
BRK-B,05/04/2023,$320.00 ,3194768,$323.44 ,$325.99 ,$317.41 
BRK-B,05/03/2023,$323.22 ,2660456,$327.13 ,$328.07 ,$323.06 
BRK-B,05/02/2023,$325.86 ,3369713,$330.15 ,$330.25 ,$322.76 
BRK-B,05/01/2023,$330.17 ,2465391,$329.16 ,$331.84 ,$328.57 
BRK-B,04/28/2023,$328.55 ,2912387,$325.44 ,$328.81 ,$325.19 
BRK-B,04/27/2023,$326.23 ,2951130,$322.86 ,$326.91 ,$322.11 
BRK-B,04/26/2023,$320.53 ,2721238,$323.31 ,$323.74 ,$319.00 
BRK-B,04/25/2023,$324.34 ,2554381,$325.99 ,$327.10 ,$324.11 
BRK-B,04/24/2023,$326.05 ,2262391,$324.43 ,$326.40 ,$324.30 
BRK-B,04/21/2023,$324.33 ,2405869,$322.36 ,$324.85 ,$321.61 
BRK-B,04/20/2023,$323.82 ,2429179,$322.20 ,$324.37 ,$321.32 
BRK-B,04/19/2023,$323.09 ,2410917,$323.85 ,$324.55 ,$322.76 
BRK-B,04/18/2023,$324.63 ,3582623,$324.95 ,$325.72 ,$322.50 
BRK-B,04/17/2023,$323.79 ,3426342,$320.20 ,$323.98 ,$319.00 
BRK-B,04/14/2023,$319.74 ,2976417,$318.89 ,$321.88 ,$318.12 
BRK-B,04/13/2023,$318.05 ,3325989,$315.27 ,$318.81 ,$313.26 
BRK-B,04/12/2023,$314.55 ,2663461,$315.97 ,$316.92 ,$313.72 
BRK-B,04/11/2023,$313.70 ,3109850,$312.56 ,$315.94 ,$311.77 
BRK-B,04/10/2023,$312.62 ,2331743,$311.41 ,$313.70 ,$310.34 
BRK-B,04/06/2023,$312.51 ,3132148,$309.82 ,$313.22 ,$309.05 
BRK-B,04/05/2023,$310.39 ,2314853,$307.85 ,$311.07 ,$307.85 
BRK-B,04/04/2023,$309.07 ,2740754,$310.76 ,$311.00 ,$307.07 
BRK-B,04/03/2023,$310.31 ,4863537,$309.25 ,$311.50 ,$308.24 
BRK-B,03/31/2023,$308.77 ,5022204,$305.90 ,$308.81 ,$304.99 
BRK-B,03/30/2023,$305.08 ,2694985,$307.09 ,$307.47 ,$302.58 
BRK-B,03/29/2023,$305.30 ,2651414,$304.80 ,$305.38 ,$303.36 
BRK-B,03/28/2023,$302.32 ,2437683,$301.93 ,$302.72 ,$300.59 
BRK-B,03/27/2023,$302.14 ,3835260,$300.88 ,$303.21 ,$298.97 
BRK-B,03/24/2023,$298.92 ,3905988,$294.68 ,$299.50 ,$293.39 
BRK-B,03/23/2023,$298.37 ,4016197,$301.39 ,$302.08 ,$296.30 
BRK-B,03/22/2023,$299.73 ,3089313,$303.72 ,$307.05 ,$299.65 
BRK-B,03/21/2023,$303.85 ,4725100,$304.56 ,$305.63 ,$302.25 
BRK-B,03/20/2023,$301.06 ,6059923,$295.57 ,$301.51 ,$295.06 
BRK-B,03/17/2023,$293.51 ,15611270,$301.30 ,$301.30 ,$292.42 
BRK-B,03/16/2023,$302.01 ,6327578,$296.37 ,$304.43 ,$295.36 
BRK-B,03/15/2023,$297.88 ,7165298,$300.02 ,$300.55 ,$294.90 
BRK-B,03/14/2023,$305.33 ,5255174,$306.92 ,$307.55 ,$301.68 
BRK-B,03/13/2023,$302.88 ,4993820,$301.75 ,$306.59 ,$300.76 
BRK-B,03/10/2023,$303.63 ,5297790,$302.95 ,$306.72 ,$301.92 
BRK-B,03/09/2023,$304.82 ,3934324,$311.00 ,$313.18 ,$303.94 
BRK-B,03/08/2023,$311.37 ,2706760,$310.72 ,$312.68 ,$309.25 
BRK-B,03/07/2023,$311.12 ,3610304,$316.39 ,$316.50 ,$310.23 
BRK-B,03/06/2023,$316.97 ,4892345,$312.82 ,$317.29 ,$312.43 
BRK-B,03/03/2023,$312.45 ,4493702,$309.56 ,$312.66 ,$308.50 
BRK-B,03/02/2023,$307.75 ,3153781,$303.66 ,$308.10 ,$301.45 
BRK-B,03/01/2023,$304.62 ,3400537,$304.02 ,$305.62 ,$302.08 
BRK-B,02/28/2023,$305.18 ,4737739,$304.89 ,$306.15 ,$303.41 
BRK-B,02/27/2023,$304.66 ,3652907,$304.37 ,$305.78 ,$302.01 
BRK-B,02/24/2023,$304.02 ,3659339,$300.40 ,$305.62 ,$300.01 
BRK-B,02/23/2023,$303.07 ,2739656,$305.01 ,$305.56 ,$300.25 
BRK-B,02/22/2023,$303.16 ,2900326,$303.20 ,$305.28 ,$301.77 
BRK-B,02/21/2023,$302.72 ,4131732,$306.17 ,$307.30 ,$300.50 
BRK-B,02/17/2023,$308.24 ,2721407,$307.15 ,$308.41 ,$305.48 
BRK-B,02/16/2023,$308.18 ,2803844,$307.58 ,$310.20 ,$306.87 
BRK-B,02/15/2023,$309.63 ,2411819,$309.98 ,$310.37 ,$308.28 
BRK-B,02/14/2023,$310.79 ,2908849,$313.78 ,$314.10 ,$309.04 
BRK-B,02/13/2023,$313.74 ,3261952,$310.30 ,$313.74 ,$309.62 
BRK-B,02/10/2023,$309.89 ,2811155,$307.08 ,$309.98 ,$305.28 
BRK-B,02/09/2023,$307.21 ,3462603,$310.17 ,$311.42 ,$306.99 
BRK-B,02/08/2023,$308.48 ,3370587,$311.12 ,$313.41 ,$308.01 
BRK-B,02/07/2023,$312.97 ,3788007,$307.30 ,$314.15 ,$306.63 
BRK-B,02/06/2023,$308.43 ,2980217,$308.25 ,$308.80 ,$305.60 
BRK-B,02/03/2023,$308.51 ,5387548,$311.00 ,$311.55 ,$305.92 
BRK-B,02/02/2023,$311.86 ,4430266,$312.35 ,$312.60 ,$308.30 
BRK-B,02/01/2023,$310.57 ,3520304,$309.63 ,$312.67 ,$306.38 
BRK-B,01/31/2023,$311.52 ,3655334,$307.74 ,$311.86 ,$305.79 
BRK-B,01/30/2023,$307.33 ,3475781,$307.60 ,$309.51 ,$306.81 
BRK-B,01/27/2023,$309.17 ,3034223,$309.79 ,$311.73 ,$308.34 
BRK-B,01/26/2023,$310.95 ,2858754,$312.99 ,$313.68 ,$309.58 
BRK-B,01/25/2023,$311.90 ,2300785,$308.33 ,$312.55 ,$307.71 
BRK-B,01/24/2023,$311.30 ,2234333,$309.30 ,$312.83 ,$307.50 
BRK-B,01/23/2023,$310.42 ,3088133,$309.63 ,$312.73 ,$306.85 
BRK-B,01/20/2023,$309.87 ,3772210,$305.21 ,$310.01 ,$304.36 
BRK-B,01/19/2023,$305.23 ,3615144,$306.12 ,$307.24 ,$303.86 
BRK-B,01/18/2023,$308.30 ,3408726,$315.00 ,$315.54 ,$307.75 
BRK-B,01/17/2023,$314.86 ,3479442,$318.40 ,$318.52 ,$314.25 
BRK-B,01/13/2023,$317.64 ,2773650,$317.49 ,$318.42 ,$315.79 
BRK-B,01/12/2023,$318.93 ,3075151,$321.15 ,$321.32 ,$317.72 
BRK-B,01/11/2023,$320.37 ,3001242,$318.52 ,$320.57 ,$316.60 
BRK-B,01/10/2023,$316.35 ,3050322,$315.00 ,$316.80 ,$313.34 
BRK-B,01/09/2023,$315.53 ,4399047,$319.02 ,$320.50 ,$314.75 
BRK-B,01/06/2023,$318.69 ,3648810,$315.00 ,$320.16 ,$313.38 
BRK-B,01/05/2023,$312.90 ,3418149,$313.57 ,$314.23 ,$310.00 
BRK-B,01/04/2023,$314.55 ,5122121,$312.00 ,$316.89 ,$311.25 
BRK-B,01/03/2023,$309.91 ,3551418,$310.07 ,$312.39 ,$307.38 
BRK-B,12/30/2022,$308.90 ,3298865,$306.95 ,$309.04 ,$305.62 
BRK-B,12/29/2022,$309.06 ,2848063,$305.94 ,$309.38 ,$305.24 
BRK-B,12/28/2022,$303.43 ,2628685,$304.77 ,$307.46 ,$303.26 
BRK-B,12/27/2022,$305.55 ,2731731,$306.45 ,$308.58 ,$304.65 
BRK-B,12/23/2022,$306.49 ,2460858,$302.88 ,$306.57 ,$300.93 
BRK-B,12/22/2022,$302.69 ,3560763,$306.10 ,$306.50 ,$297.64 
BRK-B,12/21/2022,$307.82 ,3265614,$304.38 ,$308.54 ,$304.16 
BRK-B,12/20/2022,$302.00 ,3091869,$300.09 ,$304.19 ,$297.00 
BRK-B,12/19/2022,$300.03 ,3842880,$300.51 ,$301.48 ,$297.15 
BRK-B,12/16/2022,$300.00 ,8308365,$299.05 ,$302.47 ,$297.76 
BRK-B,12/15/2022,$301.91 ,5107189,$306.43 ,$306.96 ,$299.45 
BRK-B,12/14/2022,$309.29 ,4057911,$312.74 ,$316.36 ,$308.40 
BRK-B,12/13/2022,$312.33 ,5043156,$318.40 ,$318.91 ,$310.82 
BRK-B,12/12/2022,$311.45 ,4367987,$307.55 ,$311.91 ,$305.46 
BRK-B,12/09/2022,$306.39 ,3327110,$305.32 ,$308.34 ,$304.71 
BRK-B,12/08/2022,$305.99 ,2353269,$306.00 ,$307.49 ,$305.09 
BRK-B,12/07/2022,$305.82 ,4132430,$307.07 ,$309.38 ,$304.92 
BRK-B,12/06/2022,$307.78 ,3877585,$309.95 ,$310.29 ,$306.35 
BRK-B,12/05/2022,$310.57 ,3836532,$315.22 ,$315.66 ,$308.73 
BRK-B,12/02/2022,$316.15 ,3026517,$313.49 ,$316.38 ,$312.75 
BRK-B,12/01/2022,$315.84 ,4354849,$319.00 ,$319.56 ,$313.30 
BRK-B,11/30/2022,$318.60 ,7924360,$315.13 ,$318.60 ,$308.70 
BRK-B,11/29/2022,$315.13 ,3742168,$311.89 ,$315.29 ,$311.35 
BRK-B,11/28/2022,$313.27 ,4232097,$316.25 ,$317.64 ,$312.33 
BRK-B,11/25/2022,$317.43 ,1844916,$317.52 ,$319.12 ,$316.18 
BRK-B,11/23/2022,$316.18 ,2685619,$315.39 ,$316.43 ,$314.07 
BRK-B,11/22/2022,$315.76 ,3172808,$313.00 ,$316.56 ,$312.05 
BRK-B,11/21/2022,$311.20 ,2863030,$310.81 ,$312.90 ,$308.58 
BRK-B,11/18/2022,$310.76 ,3397072,$310.55 ,$311.20 ,$308.62 
BRK-B,11/17/2022,$307.44 ,3064676,$305.70 ,$307.62 ,$304.15 
BRK-B,11/16/2022,$308.76 ,2971379,$310.93 ,$311.55 ,$306.74 
BRK-B,11/15/2022,$309.98 ,4373585,$313.67 ,$313.89 ,$307.18 
BRK-B,11/14/2022,$308.91 ,4639814,$310.00 ,$311.84 ,$308.84 
BRK-B,11/11/2022,$309.72 ,6572828,$305.56 ,$311.33 ,$302.60 
BRK-B,11/10/2022,$303.20 ,5695773,$297.11 ,$303.50 ,$294.54 
BRK-B,11/09/2022,$288.65 ,2760166,$291.98 ,$292.40 ,$288.06 
BRK-B,11/08/2022,$292.61 ,3563780,$291.11 ,$294.74 ,$289.01 
BRK-B,11/07/2022,$290.19 ,3524850,$290.92 ,$292.10 ,$288.65 
BRK-B,11/04/2022,$287.47 ,3709955,$286.77 ,$289.20 ,$282.38 
BRK-B,11/03/2022,$283.85 ,3126390,$286.02 ,$287.47 ,$283.46 
BRK-B,11/02/2022,$289.46 ,4274735,$293.04 ,$298.26 ,$289.42 
BRK-B,11/01/2022,$294.13 ,3838233,$298.45 ,$298.87 ,$293.04 
BRK-B,10/31/2022,$295.09 ,4627809,$297.98 ,$298.89 ,$294.85 
BRK-B,10/28/2022,$299.63 ,4629639,$292.77 ,$299.98 ,$291.48 
BRK-B,10/27/2022,$289.88 ,4275741,$290.31 ,$294.00 ,$288.85 
BRK-B,10/26/2022,$288.52 ,3295328,$289.75 ,$291.80 ,$287.68 
BRK-B,10/25/2022,$289.24 ,3175402,$288.77 ,$289.87 ,$286.88 
BRK-B,10/24/2022,$287.48 ,3862212,$284.10 ,$289.34 ,$283.99 
BRK-B,10/21/2022,$282.51 ,4996771,$273.76 ,$282.92 ,$271.46 
BRK-B,10/20/2022,$273.53 ,3918510,$278.07 ,$279.44 ,$273.00 
BRK-B,10/19/2022,$278.34 ,3215800,$280.33 ,$282.38 ,$276.97 
BRK-B,10/18/2022,$281.67 ,4294758,$282.74 ,$283.36 ,$279.25 
BRK-B,10/17/2022,$277.02 ,4455948,$276.48 ,$278.59 ,$275.30 
BRK-B,10/14/2022,$272.67 ,4292818,$277.59 ,$279.22 ,$271.97 
BRK-B,10/13/2022,$275.78 ,5485173,$260.58 ,$276.78 ,$259.85 
BRK-B,10/12/2022,$264.00 ,3345004,$267.31 ,$267.52 ,$263.96 
BRK-B,10/11/2022,$267.31 ,3443003,$266.10 ,$270.97 ,$265.61 
BRK-B,10/10/2022,$266.93 ,3108090,$269.89 ,$270.22 ,$265.86 
BRK-B,10/07/2022,$269.04 ,4273211,$274.44 ,$274.50 ,$267.48 
BRK-B,10/06/2022,$276.31 ,3396390,$278.20 ,$279.85 ,$275.90 
BRK-B,10/05/2022,$279.36 ,3351571,$276.87 ,$280.88 ,$275.84 
BRK-B,10/04/2022,$280.49 ,4636293,$277.42 ,$281.30 ,$276.60 
BRK-B,10/03/2022,$272.80 ,4903523,$269.52 ,$274.57 ,$267.16 
BRK-B,09/30/2022,$267.02 ,6059434,$269.21 ,$272.94 ,$266.60 
BRK-B,09/29/2022,$269.58 ,5211637,$269.89 ,$272.17 ,$265.59 
BRK-B,09/28/2022,$271.78 ,5942582,$265.65 ,$273.60 ,$264.91 
BRK-B,09/27/2022,$265.47 ,5768879,$266.99 ,$267.93 ,$261.55 
BRK-B,09/26/2022,$264.32 ,4929897,$265.82 ,$267.84 ,$263.37 
BRK-B,09/23/2022,$267.77 ,5176838,$266.01 ,$268.14 ,$264.24 
BRK-B,09/22/2022,$268.51 ,4122179,$271.03 ,$271.50 ,$268.27 
BRK-B,09/21/2022,$270.74 ,3956232,$278.90 ,$278.92 ,$270.72 
BRK-B,09/20/2022,$277.13 ,3278187,$277.17 ,$278.04 ,$274.61 
BRK-B,09/19/2022,$278.95 ,3292287,$272.79 ,$279.13 ,$272.72 
BRK-B,09/16/2022,$274.81 ,7289900,$275.35 ,$276.38 ,$273.26 
BRK-B,09/15/2022,$276.70 ,3279225,$278.69 ,$281.27 ,$276.36 
BRK-B,09/14/2022,$278.42 ,3721356,$279.00 ,$280.21 ,$275.64 
BRK-B,09/13/2022,$278.29 ,4586374,$283.99 ,$285.14 ,$277.50 
BRK-B,09/12/2022,$288.51 ,3410683,$286.70 ,$289.24 ,$286.03 
BRK-B,09/09/2022,$285.77 ,3128967,$284.54 ,$287.02 ,$284.13 
BRK-B,09/08/2022,$283.34 ,3543267,$278.58 ,$283.40 ,$277.29 
BRK-B,09/07/2022,$281.04 ,3511375,$275.74 ,$281.74 ,$275.42 
BRK-B,09/06/2022,$276.59 ,4363702,$278.01 ,$279.49 ,$275.36 
BRK-B,09/02/2022,$277.67 ,3796304,$284.84 ,$285.42 ,$276.37 
BRK-B,09/01/2022,$282.43 ,3767438,$279.95 ,$282.68 ,$277.31 
BRK-B,08/31/2022,$280.80 ,5007109,$287.25 ,$288.01 ,$280.44 
BRK-B,08/30/2022,$285.42 ,3227458,$288.72 ,$289.32 ,$284.77 
BRK-B,08/29/2022,$287.45 ,3101174,$288.40 ,$289.83 ,$285.75 
BRK-B,08/26/2022,$289.96 ,5280739,$299.41 ,$299.63 ,$289.65 
BRK-B,08/25/2022,$298.13 ,3465799,$293.71 ,$298.48 ,$292.83 
BRK-B,08/24/2022,$293.52 ,3266775,$290.00 ,$294.00 ,$289.46 
BRK-B,08/23/2022,$289.65 ,2596728,$288.85 ,$291.64 ,$288.15 
BRK-B,08/22/2022,$288.69 ,4716455,$294.00 ,$294.47 ,$287.86 
BRK-B,08/19/2022,$297.28 ,4617015,$302.95 ,$303.22 ,$296.81 
BRK-B,08/18/2022,$304.27 ,2783620,$304.44 ,$304.57 ,$301.55 
BRK-B,08/17/2022,$304.26 ,2963923,$305.22 ,$306.89 ,$302.74 
BRK-B,08/16/2022,$306.65 ,3344335,$304.99 ,$308.15 ,$303.76 
BRK-B,08/15/2022,$302.82 ,2929312,$298.64 ,$303.76 ,$297.40 
BRK-B,08/12/2022,$301.55 ,3233809,$297.90 ,$301.69 ,$297.00 
BRK-B,08/11/2022,$296.47 ,3146890,$298.00 ,$299.06 ,$296.12 
BRK-B,08/10/2022,$295.11 ,3708840,$296.48 ,$296.93 ,$294.10 
BRK-B,08/09/2022,$292.77 ,3873083,$293.35 ,$297.57 ,$291.93 
BRK-B,08/08/2022,$292.34 ,3969779,$294.87 ,$299.33 ,$292.27 
BRK-B,08/05/2022,$292.07 ,3397499,$291.87 ,$294.10 ,$290.43 
BRK-B,08/04/2022,$292.91 ,3949668,$294.73 ,$295.98 ,$292.62 
BRK-B,08/03/2022,$294.96 ,4062173,$295.05 ,$295.88 ,$291.10 
BRK-B,08/02/2022,$292.17 ,3168448,$294.87 ,$295.53 ,$291.92 
BRK-B,08/01/2022,$295.86 ,4196074,$299.70 ,$299.70 ,$294.83 
BRK-B,07/29/2022,$300.60 ,6983576,$297.42 ,$302.40 ,$295.43 
BRK-B,07/28/2022,$293.90 ,3991272,$291.18 ,$294.03 ,$286.77 
BRK-B,07/27/2022,$290.30 ,3616585,$287.67 ,$291.56 ,$285.70 
BRK-B,07/26/2022,$285.31 ,2513418,$287.79 ,$288.71 ,$284.65 
BRK-B,07/25/2022,$287.99 ,3138226,$287.21 ,$289.07 ,$285.15 
BRK-B,07/22/2022,$285.93 ,2877341,$288.10 ,$289.40 ,$283.62 
BRK-B,07/21/2022,$286.85 ,3700275,$287.00 ,$287.24 ,$282.09 
BRK-B,07/20/2022,$286.04 ,3879170,$284.64 ,$286.44 ,$283.90 
BRK-B,07/19/2022,$283.55 ,3591904,$279.00 ,$284.08 ,$278.17 
BRK-B,07/18/2022,$276.26 ,3274902,$281.50 ,$281.50 ,$275.21 
BRK-B,07/15/2022,$278.48 ,4548506,$277.53 ,$280.00 ,$276.06 
BRK-B,07/14/2022,$274.41 ,3889463,$273.00 ,$275.35 ,$271.20 
BRK-B,07/13/2022,$277.47 ,4199491,$275.37 ,$280.09 ,$274.45 
BRK-B,07/12/2022,$277.28 ,3033742,$277.57 ,$282.18 ,$276.66 
BRK-B,07/11/2022,$278.51 ,2865411,$279.38 ,$281.46 ,$277.87 
BRK-B,07/08/2022,$280.83 ,2985777,$279.79 ,$282.61 ,$279.25 
BRK-B,07/07/2022,$279.28 ,3952851,$277.50 ,$279.59 ,$277.10 
BRK-B,07/06/2022,$275.65 ,3034444,$274.84 ,$277.51 ,$272.87 
BRK-B,07/05/2022,$275.69 ,3677878,$274.20 ,$275.86 ,$271.39 
BRK-B,07/01/2022,$277.50 ,3668568,$272.50 ,$278.40 ,$271.63 
BRK-B,06/30/2022,$273.02 ,4625535,$270.51 ,$274.92 ,$268.68 
BRK-B,06/29/2022,$273.49 ,3010168,$274.95 ,$275.94 ,$272.97 
BRK-B,06/28/2022,$273.86 ,4018337,$280.51 ,$282.45 ,$273.68 
BRK-B,06/27/2022,$278.40 ,4136747,$280.53 ,$282.03 ,$277.61 
BRK-B,06/24/2022,$278.28 ,6454976,$268.97 ,$279.67 ,$268.57 
BRK-B,06/23/2022,$267.52 ,4732399,$269.85 ,$270.71 ,$263.68 
BRK-B,06/22/2022,$269.79 ,4225967,$267.38 ,$273.40 ,$267.38 
BRK-B,06/21/2022,$271.77 ,4907077,$273.85 ,$273.98 ,$270.34 
BRK-B,06/17/2022,$268.08 ,11615420,$268.39 ,$270.50 ,$265.68 
BRK-B,06/16/2022,$268.56 ,7212687,$273.39 ,$273.40 ,$266.88 
BRK-B,06/15/2022,$278.93 ,5827037,$281.16 ,$282.50 ,$273.87 
BRK-B,06/14/2022,$277.64 ,5850444,$282.09 ,$283.96 ,$276.10 
BRK-B,06/13/2022,$281.56 ,7115907,$285.43 ,$287.43 ,$280.10 
BRK-B,06/10/2022,$291.71 ,5884900,$296.08 ,$298.00 ,$291.61 
BRK-B,06/09/2022,$300.80 ,3221154,$308.10 ,$308.38 ,$300.57 
BRK-B,06/08/2022,$308.74 ,2878967,$312.16 ,$312.80 ,$307.93 
BRK-B,06/07/2022,$313.65 ,2551711,$310.58 ,$313.79 ,$309.39 
BRK-B,06/06/2022,$312.15 ,2981314,$313.38 ,$315.78 ,$311.48 
BRK-B,06/03/2022,$310.94 ,2588108,$312.50 ,$313.80 ,$310.40 
BRK-B,06/02/2022,$314.95 ,3120233,$312.65 ,$315.09 ,$308.61 
BRK-B,06/01/2022,$312.21 ,3796508,$316.00 ,$316.79 ,$309.61 
BRK-B,05/31/2022,$315.98 ,5704635,$318.98 ,$318.98 ,$314.80 
BRK-B,05/27/2022,$319.11 ,4282883,$314.73 ,$319.24 ,$314.15 
BRK-B,05/26/2022,$312.50 ,4474454,$311.27 ,$314.39 ,$310.98 
BRK-B,05/25/2022,$308.64 ,3706343,$308.59 ,$310.99 ,$305.92 
BRK-B,05/24/2022,$309.17 ,3661630,$309.39 ,$310.31 ,$303.75 
BRK-B,05/23/2022,$310.20 ,4146033,$307.38 ,$312.44 ,$306.62 
BRK-B,05/20/2022,$304.05 ,5522056,$307.05 ,$307.46 ,$298.11 
BRK-B,05/19/2022,$304.15 ,4743746,$303.93 ,$306.31 ,$301.21 
BRK-B,05/18/2022,$306.64 ,4427683,$312.94 ,$314.17 ,$305.57 
BRK-B,05/17/2022,$314.60 ,4159134,$315.21 ,$315.44 ,$312.10 
BRK-B,05/16/2022,$309.29 ,3700581,$310.28 ,$311.95 ,$307.13 
BRK-B,05/13/2022,$310.36 ,3771567,$311.25 ,$312.47 ,$307.90 
BRK-B,05/12/2022,$308.06 ,5683356,$307.95 ,$309.07 ,$302.55 
BRK-B,05/11/2022,$311.54 ,4258661,$313.17 ,$317.55 ,$311.01 
BRK-B,05/10/2022,$312.53 ,4801061,$315.96 ,$318.11 ,$310.24 
BRK-B,05/09/2022,$312.96 ,4884887,$315.35 ,$316.92 ,$311.56 
BRK-B,05/06/2022,$318.88 ,4200043,$317.99 ,$320.37 ,$314.19 
BRK-B,05/05/2022,$318.68 ,5265994,$325.85 ,$325.85 ,$315.16 
BRK-B,05/04/2022,$326.80 ,4272974,$319.10 ,$327.28 ,$318.00 
BRK-B,05/03/2022,$318.99 ,3875789,$319.42 ,$323.58 ,$317.67 
BRK-B,05/02/2022,$318.19 ,6799512,$324.11 ,$324.37 ,$311.74 
BRK-B,04/29/2022,$322.83 ,5688391,$330.19 ,$330.64 ,$320.50 
BRK-B,04/28/2022,$331.27 ,3847727,$331.53 ,$332.06 ,$327.83 
BRK-B,04/27/2022,$329.58 ,3727514,$330.60 ,$333.14 ,$328.43 
BRK-B,04/26/2022,$330.65 ,4595483,$333.53 ,$337.39 ,$330.36 
BRK-B,04/25/2022,$336.95 ,5981550,$332.30 ,$337.85 ,$328.53 
BRK-B,04/22/2022,$335.56 ,4971203,$342.94 ,$343.21 ,$335.11 
BRK-B,04/21/2022,$343.60 ,4034682,$350.86 ,$350.86 ,$342.96 
BRK-B,04/20/2022,$348.82 ,3711620,$350.00 ,$350.59 ,$347.70 
BRK-B,04/19/2022,$348.50 ,3393483,$347.00 ,$349.13 ,$345.85 
BRK-B,04/18/2022,$346.65 ,2518356,$344.45 ,$347.19 ,$343.59 
BRK-B,04/14/2022,$344.33 ,3285526,$346.16 ,$347.56 ,$344.14 
BRK-B,04/13/2022,$346.22 ,3436791,$349.46 ,$350.72 ,$345.25 
BRK-B,04/12/2022,$349.74 ,3550367,$352.26 ,$354.00 ,$348.39 
BRK-B,04/11/2022,$352.02 ,3129900,$352.98 ,$354.33 ,$349.34 
BRK-B,04/08/2022,$353.10 ,4495358,$348.93 ,$353.85 ,$347.73 
BRK-B,04/07/2022,$346.51 ,3817645,$346.22 ,$347.67 ,$342.40 
BRK-B,04/06/2022,$344.71 ,4548141,$341.17 ,$346.97 ,$340.55 
BRK-B,04/05/2022,$344.80 ,4254963,$345.77 ,$349.44 ,$344.28 
BRK-B,04/04/2022,$345.43 ,5105149,$352.00 ,$352.24 ,$344.31 
BRK-B,04/01/2022,$351.88 ,4126275,$353.65 ,$354.58 ,$349.02 
BRK-B,03/31/2022,$352.91 ,6069877,$359.00 ,$360.00 ,$352.32 
BRK-B,03/30/2022,$357.61 ,3913799,$354.66 ,$357.85 ,$351.84 
BRK-B,03/29/2022,$355.12 ,5006916,$361.39 ,$362.10 ,$352.55 
BRK-B,03/28/2022,$359.57 ,4175531,$360.59 ,$361.38 ,$355.53 
BRK-B,03/25/2022,$358.76 ,4586000,$353.90 ,$359.01 ,$353.60 
BRK-B,03/24/2022,$352.37 ,3947297,$351.50 ,$352.57 ,$349.13 
BRK-B,03/23/2022,$348.16 ,5644792,$349.13 ,$350.79 ,$346.25 
BRK-B,03/22/2022,$349.93 ,5774373,$351.01 ,$354.95 ,$348.90 
BRK-B,03/21/2022,$349.66 ,6309619,$344.99 ,$351.21 ,$344.30 
BRK-B,03/18/2022,$342.41 ,8898508,$344.12 ,$346.87 ,$339.27 
BRK-B,03/17/2022,$344.97 ,7226002,$337.00 ,$345.13 ,$336.20 
BRK-B,03/16/2022,$336.11 ,5929896,$335.11 ,$337.34 ,$331.71 
BRK-B,03/15/2022,$332.55 ,6931564,$332.70 ,$334.58 ,$329.38 
BRK-B,03/14/2022,$329.98 ,5968947,$328.65 ,$333.48 ,$327.65 
BRK-B,03/11/2022,$326.60 ,5137990,$326.53 ,$331.49 ,$326.23 
BRK-B,03/10/2022,$325.30 ,3845454,$322.49 ,$325.70 ,$321.58 
BRK-B,03/09/2022,$325.40 ,5879917,$326.59 ,$327.47 ,$322.58 
BRK-B,03/08/2022,$318.52 ,7911576,$325.30 ,$327.29 ,$318.03 
BRK-B,03/07/2022,$322.72 ,5879300,$325.68 ,$326.44 ,$320.35 
BRK-B,03/04/2022,$325.34 ,4906040,$322.66 ,$325.61 ,$320.12 
BRK-B,03/03/2022,$327.74 ,4602678,$326.63 ,$329.47 ,$323.89 
BRK-B,03/02/2022,$323.64 ,4507185,$319.48 ,$325.75 ,$318.12 
BRK-B,03/01/2022,$316.84 ,6444105,$320.26 ,$321.20 ,$313.59 
BRK-B,02/28/2022,$321.45 ,7988324,$317.35 ,$322.00 ,$315.19 
BRK-B,02/25/2022,$319.24 ,7488725,$311.16 ,$321.43 ,$310.78 
BRK-B,02/24/2022,$308.28 ,8836304,$301.78 ,$308.81 ,$299.51 
BRK-B,02/23/2022,$309.99 ,5033311,$316.08 ,$316.80 ,$309.38 
BRK-B,02/22/2022,$314.16 ,5105545,$313.44 ,$315.43 ,$310.55 
BRK-B,02/18/2022,$314.80 ,4225597,$313.83 ,$315.68 ,$313.08 
BRK-B,02/17/2022,$313.55 ,3633337,$314.98 ,$315.44 ,$312.30 
BRK-B,02/16/2022,$315.65 ,3975085,$315.00 ,$316.90 ,$314.28 
BRK-B,02/15/2022,$316.20 ,3682373,$316.64 ,$317.94 ,$314.69 
BRK-B,02/14/2022,$314.28 ,8131182,$319.61 ,$320.43 ,$312.17 
BRK-B,02/11/2022,$319.14 ,7497359,$320.01 ,$323.12 ,$317.74 
BRK-B,02/10/2022,$319.85 ,7081291,$320.99 ,$322.46 ,$318.49 
BRK-B,02/09/2022,$322.38 ,3997452,$323.80 ,$325.63 ,$321.54 
BRK-B,02/08/2022,$321.44 ,6238744,$318.27 ,$322.65 ,$316.00 
BRK-B,02/07/2022,$316.51 ,3129336,$314.91 ,$318.22 ,$312.06 
BRK-B,02/04/2022,$314.99 ,3656465,$315.87 ,$317.84 ,$312.70 
BRK-B,02/03/2022,$315.23 ,4152449,$319.33 ,$319.65 ,$314.61 
BRK-B,02/02/2022,$319.60 ,4634781,$313.57 ,$320.16 ,$313.00 
BRK-B,02/01/2022,$313.96 ,4348803,$312.64 ,$314.60 ,$310.31 
BRK-B,01/31/2022,$313.02 ,5238867,$312.00 ,$313.30 ,$307.84 
BRK-B,01/28/2022,$312.90 ,5241647,$307.68 ,$313.29 ,$304.07 
BRK-B,01/27/2022,$307.67 ,5055361,$311.70 ,$315.92 ,$305.31 
BRK-B,01/26/2022,$309.26 ,6127231,$310.40 ,$313.33 ,$306.57 
BRK-B,01/25/2022,$307.19 ,6438259,$301.87 ,$309.13 ,$294.81 
BRK-B,01/24/2022,$303.73 ,8529685,$299.70 ,$304.73 ,$296.09 
BRK-B,01/21/2022,$305.22 ,6541385,$309.99 ,$311.02 ,$304.14 
BRK-B,01/20/2022,$311.01 ,4409303,$315.58 ,$317.18 ,$310.68 
BRK-B,01/19/2022,$314.75 ,6091800,$321.35 ,$321.35 ,$314.58 
BRK-B,01/18/2022,$320.29 ,5769286,$322.22 ,$323.29 ,$318.07 
BRK-B,01/14/2022,$324.13 ,4915639,$318.87 ,$324.41 ,$316.50 
BRK-B,01/13/2022,$321.26 ,4279387,$321.00 ,$323.47 ,$320.10 
BRK-B,01/12/2022,$320.39 ,3583291,$320.62 ,$321.05 ,$317.26 
BRK-B,01/11/2022,$319.80 ,4249181,$318.61 ,$320.00 ,$315.04 
BRK-B,01/10/2022,$318.93 ,5814171,$321.40 ,$322.10 ,$315.12 
BRK-B,01/07/2022,$319.78 ,5622909,$315.56 ,$320.20 ,$314.14 
BRK-B,01/06/2022,$313.22 ,5140613,$312.98 ,$314.11 ,$310.22 
BRK-B,01/05/2022,$309.92 ,6892257,$309.87 ,$314.48 ,$309.50 
BRK-B,01/04/2022,$308.53 ,6006382,$301.65 ,$309.21 ,$301.65 
BRK-B,01/03/2022,$300.79 ,3571121,$300.10 ,$301.30 ,$299.20 
BRK-B,12/31/2021,$299.00 ,2932996,$299.94 ,$300.69 ,$298.84 
BRK-B,12/30/2021,$299.98 ,2301253,$300.88 ,$301.65 ,$299.74 
BRK-B,12/29/2021,$299.46 ,2688431,$299.23 ,$300.65 ,$298.86 
BRK-B,12/28/2021,$298.29 ,2575075,$296.96 ,$299.79 ,$296.80 
BRK-B,12/27/2021,$296.67 ,2807616,$295.25 ,$296.69 ,$294.46 
BRK-B,12/23/2021,$294.49 ,2899917,$295.22 ,$296.78 ,$294.21 
BRK-B,12/22/2021,$294.41 ,2446396,$292.86 ,$294.57 ,$291.74 
BRK-B,12/21/2021,$293.24 ,3931134,$292.14 ,$295.41 ,$291.50 
BRK-B,12/20/2021,$289.61 ,5458419,$290.78 ,$291.58 ,$287.59 
BRK-B,12/17/2021,$293.66 ,12772060,$297.85 ,$298.00 ,$292.35 
BRK-B,12/16/2021,$300.17 ,6542554,$296.88 ,$301.58 ,$295.10 
BRK-B,12/15/2021,$294.58 ,5603061,$295.82 ,$296.50 ,$292.81 
BRK-B,12/14/2021,$295.03 ,5994765,$289.67 ,$296.41 ,$289.67 
BRK-B,12/13/2021,$290.01 ,4888424,$288.50 ,$291.58 ,$285.84 
BRK-B,12/10/2021,$288.23 ,4110315,$285.49 ,$288.50 ,$284.23 
BRK-B,12/09/2021,$284.52 ,3446249,$283.77 ,$284.95 ,$281.78 
BRK-B,12/08/2021,$283.72 ,3257877,$284.97 ,$285.97 ,$282.28 
BRK-B,12/07/2021,$284.97 ,5767826,$282.42 ,$285.41 ,$282.12 
BRK-B,12/06/2021,$281.38 ,5526940,$278.73 ,$283.17 ,$278.73 
BRK-B,12/03/2021,$277.43 ,5925715,$278.71 ,$279.97 ,$275.27 
BRK-B,12/02/2021,$279.09 ,4925721,$276.68 ,$280.37 ,$275.29 
BRK-B,12/01/2021,$275.00 ,5171164,$279.54 ,$281.72 ,$274.79 
BRK-B,11/30/2021,$276.69 ,9928918,$279.94 ,$280.20 ,$275.89 
BRK-B,11/29/2021,$282.12 ,5392385,$284.00 ,$284.98 ,$281.42 
BRK-B,11/26/2021,$283.09 ,4440721,$280.28 ,$284.71 ,$279.76 
BRK-B,11/24/2021,$287.28 ,4924413,$287.44 ,$288.32 ,$286.09 
BRK-B,11/23/2021,$288.56 ,4490739,$285.15 ,$288.73 ,$285.05 
BRK-B,11/22/2021,$284.97 ,5036934,$280.73 ,$286.44 ,$280.01 
BRK-B,11/19/2021,$279.99 ,4542009,$280.96 ,$280.97 ,$278.01 
BRK-B,11/18/2021,$280.63 ,3338256,$281.10 ,$281.75 ,$279.25 
BRK-B,11/17/2021,$281.59 ,3741007,$283.12 ,$283.12 ,$280.90 
BRK-B,11/16/2021,$283.36 ,4260345,$284.47 ,$285.16 ,$283.12 
BRK-B,11/15/2021,$284.67 ,3219074,$286.60 ,$286.99 ,$284.24 
BRK-B,11/12/2021,$285.99 ,2918259,$284.88 ,$286.10 ,$283.80 
BRK-B,11/11/2021,$284.65 ,2861553,$286.50 ,$287.07 ,$284.25 
BRK-B,11/10/2021,$285.32 ,3422235,$286.49 ,$287.24 ,$284.52 
BRK-B,11/09/2021,$286.35 ,3588005,$288.79 ,$288.99 ,$285.30 
BRK-B,11/08/2021,$288.80 ,4723236,$290.00 ,$295.65 ,$288.61 
BRK-B,11/05/2021,$287.88 ,3584224,$288.83 ,$290.70 ,$286.82 
BRK-B,11/04/2021,$287.69 ,3427470,$289.13 ,$289.13 ,$285.25 
BRK-B,11/03/2021,$288.72 ,2775591,$287.21 ,$288.88 ,$286.13 
BRK-B,11/02/2021,$287.93 ,3838375,$286.61 ,$288.50 ,$285.22 
BRK-B,11/01/2021,$286.24 ,2889973,$288.05 ,$288.42 ,$285.62 
BRK-B,10/29/2021,$287.01 ,4421265,$288.81 ,$290.00 ,$286.74 
BRK-B,10/28/2021,$289.72 ,3308755,$288.21 ,$289.86 ,$287.20 
BRK-B,10/27/2021,$287.78 ,3692629,$290.85 ,$290.95 ,$287.64 
BRK-B,10/26/2021,$290.85 ,3884790,$290.65 ,$292.22 ,$290.30 
BRK-B,10/25/2021,$290.26 ,3143636,$289.70 ,$290.47 ,$287.60 
BRK-B,10/22/2021,$289.24 ,3407466,$287.66 ,$289.80 ,$286.24 
BRK-B,10/21/2021,$286.82 ,2488982,$286.99 ,$287.28 ,$285.25 
BRK-B,10/20/2021,$287.49 ,3148731,$284.34 ,$287.70 ,$284.32 
BRK-B,10/19/2021,$284.83 ,2685424,$283.60 ,$285.15 ,$283.05 
BRK-B,10/18/2021,$282.59 ,3552083,$282.83 ,$283.51 ,$281.57 
BRK-B,10/15/2021,$284.21 ,4315875,$283.94 ,$284.97 ,$282.27 
BRK-B,10/14/2021,$281.64 ,3647106,$280.81 ,$282.38 ,$279.30 
BRK-B,10/13/2021,$277.90 ,3312002,$278.47 ,$279.41 ,$275.55 
BRK-B,10/12/2021,$278.62 ,3771281,$281.46 ,$281.52 ,$278.22 
BRK-B,10/11/2021,$280.93 ,2908483,$284.43 ,$285.61 ,$280.80 
BRK-B,10/08/2021,$284.14 ,2300367,$282.59 ,$284.72 ,$281.71 
BRK-B,10/07/2021,$282.95 ,3795242,$282.14 ,$284.99 ,$282.14 
BRK-B,10/06/2021,$280.22 ,3867578,$276.28 ,$280.39 ,$274.61 
BRK-B,10/05/2021,$278.05 ,5070203,$273.86 ,$279.67 ,$273.20 
BRK-B,10/04/2021,$273.64 ,4308740,$274.68 ,$276.96 ,$273.05 
BRK-B,10/01/2021,$275.71 ,3951758,$273.02 ,$277.51 ,$272.22 
BRK-B,09/30/2021,$272.94 ,5189361,$278.37 ,$278.37 ,$272.84 
BRK-B,09/29/2021,$277.29 ,2952031,$277.03 ,$278.78 ,$275.95 
BRK-B,09/28/2021,$276.79 ,4959925,$279.14 ,$281.38 ,$275.82 
BRK-B,09/27/2021,$279.72 ,3359132,$279.77 ,$280.63 ,$278.12 
BRK-B,09/24/2021,$277.87 ,3109731,$278.30 ,$279.13 ,$277.41 
BRK-B,09/23/2021,$278.12 ,4732436,$275.15 ,$279.70 ,$275.01 
BRK-B,09/22/2021,$274.07 ,5019165,$276.28 ,$276.61 ,$273.67 
BRK-B,09/21/2021,$273.18 ,4649584,$276.03 ,$276.22 ,$272.59 
BRK-B,09/20/2021,$274.20 ,7645544,$273.05 ,$274.91 ,$271.36 
BRK-B,09/17/2021,$276.76 ,15864330,$277.64 ,$281.00 ,$275.42 
BRK-B,09/16/2021,$277.51 ,4211260,$278.96 ,$279.21 ,$276.21 
BRK-B,09/15/2021,$278.18 ,3884425,$277.60 ,$279.06 ,$276.67 
BRK-B,09/14/2021,$277.20 ,5283679,$280.54 ,$280.78 ,$276.36 
BRK-B,09/13/2021,$279.92 ,4602220,$278.36 ,$280.84 ,$277.82 
BRK-B,09/10/2021,$277.60 ,4554095,$279.97 ,$279.97 ,$277.49 
BRK-B,09/09/2021,$278.61 ,3684442,$278.91 ,$280.11 ,$278.37 
BRK-B,09/08/2021,$279.34 ,4647350,$278.18 ,$279.95 ,$277.59 
BRK-B,09/07/2021,$278.90 ,4866579,$281.91 ,$281.91 ,$278.73 
BRK-B,09/03/2021,$281.89 ,4497446,$284.30 ,$284.82 ,$281.71 
BRK-B,09/02/2021,$285.05 ,3969981,$285.35 ,$286.44 ,$284.21 
BRK-B,09/01/2021,$285.26 ,3326024,$286.59 ,$287.14 ,$284.85 
BRK-B,08/31/2021,$285.77 ,6498911,$285.28 ,$286.33 ,$284.76 
BRK-B,08/30/2021,$285.66 ,3505799,$286.30 ,$287.04 ,$285.02 
BRK-B,08/27/2021,$286.60 ,3485834,$285.62 ,$286.71 ,$285.12 
BRK-B,08/26/2021,$285.27 ,3342019,$288.16 ,$288.17 ,$284.99 
BRK-B,08/25/2021,$287.30 ,2975425,$286.20 ,$288.56 ,$285.22 
BRK-B,08/24/2021,$286.02 ,3187411,$286.01 ,$286.58 ,$284.18 
BRK-B,08/23/2021,$285.62 ,2957033,$287.38 ,$287.38 ,$285.39 
BRK-B,08/20/2021,$285.27 ,2846685,$284.96 ,$285.92 ,$283.95 
BRK-B,08/19/2021,$285.13 ,3394084,$284.96 ,$287.16 ,$283.98 
BRK-B,08/18/2021,$286.36 ,3882015,$289.00 ,$290.07 ,$285.95 
BRK-B,08/17/2021,$289.10 ,3626986,$288.53 ,$290.77 ,$287.60 
BRK-B,08/16/2021,$289.45 ,3564606,$287.00 ,$289.49 ,$285.21 
BRK-B,08/13/2021,$287.89 ,3115822,$290.61 ,$291.05 ,$287.12 
BRK-B,08/12/2021,$290.24 ,3171022,$291.81 ,$291.81 ,$288.93 
BRK-B,08/11/2021,$291.28 ,3475795,$289.45 ,$291.82 ,$288.83 
BRK-B,08/10/2021,$288.94 ,3134725,$287.01 ,$289.06 ,$286.00 
BRK-B,08/09/2021,$287.23 ,3678930,$287.86 ,$288.73 ,$286.06 
BRK-B,08/06/2021,$285.63 ,4838296,$281.82 ,$285.83 ,$281.50 
BRK-B,08/05/2021,$280.21 ,3585736,$280.16 ,$282.00 ,$278.33 
BRK-B,08/04/2021,$278.78 ,3026158,$280.17 ,$280.92 ,$278.64 
BRK-B,08/03/2021,$281.80 ,3631865,$279.05 ,$282.51 ,$276.77 
BRK-B,08/02/2021,$278.14 ,3098942,$279.31 ,$281.98 ,$277.73 
BRK-B,07/30/2021,$278.29 ,3608251,$280.01 ,$281.08 ,$277.60 
BRK-B,07/29/2021,$279.76 ,3545503,$279.29 ,$281.24 ,$279.08 
BRK-B,07/28/2021,$278.10 ,3795143,$280.80 ,$280.98 ,$277.60 
BRK-B,07/27/2021,$280.78 ,3390459,$278.07 ,$281.09 ,$276.91 
BRK-B,07/26/2021,$278.80 ,2424999,$277.78 ,$280.25 ,$277.78 
BRK-B,07/23/2021,$278.49 ,3218484,$279.05 ,$279.92 ,$277.74 
BRK-B,07/22/2021,$277.70 ,2566626,$278.59 ,$279.27 ,$277.42 
BRK-B,07/21/2021,$279.88 ,3437714,$277.64 ,$280.92 ,$277.63 
BRK-B,07/20/2021,$276.89 ,4738502,$272.66 ,$277.81 ,$272.00 
BRK-B,07/19/2021,$272.66 ,5235001,$274.21 ,$275.50 ,$270.73 
BRK-B,07/16/2021,$277.90 ,3437180,$280.93 ,$280.93 ,$277.22 
BRK-B,07/15/2021,$279.72 ,3276235,$277.13 ,$280.64 ,$277.09 
BRK-B,07/14/2021,$278.31 ,4108516,$279.07 ,$280.76 ,$277.77 
BRK-B,07/13/2021,$279.21 ,3140661,$280.11 ,$280.41 ,$278.36 
BRK-B,07/12/2021,$280.11 ,4283827,$279.05 ,$282.22 ,$278.27 
BRK-B,07/09/2021,$280.49 ,4897655,$276.03 ,$280.88 ,$275.74 
BRK-B,07/08/2021,$274.10 ,5371245,$276.99 ,$277.74 ,$273.16 
BRK-B,07/07/2021,$279.24 ,4413063,$275.99 ,$279.69 ,$275.80 
BRK-B,07/06/2021,$277.32 ,4402866,$278.28 ,$278.28 ,$275.10 
BRK-B,07/02/2021,$279.12 ,3683408,$281.41 ,$281.41 ,$278.57 
BRK-B,07/01/2021,$280.17 ,3648864,$278.20 ,$280.30 ,$277.55 
BRK-B,06/30/2021,$277.92 ,4477624,$275.89 ,$278.44 ,$275.66 
BRK-B,06/29/2021,$276.21 ,4472125,$276.69 ,$277.98 ,$275.25 
BRK-B,06/28/2021,$276.61 ,4026852,$278.82 ,$279.06 ,$275.60 
BRK-B,06/25/2021,$278.38 ,5578532,$276.37 ,$279.31 ,$275.35 
BRK-B,06/24/2021,$275.49 ,5458502,$275.00 ,$276.58 ,$274.05 
BRK-B,06/23/2021,$274.66 ,4539789,$276.89 ,$277.00 ,$274.55 
BRK-B,06/22/2021,$276.92 ,5225694,$277.57 ,$277.71 ,$275.93 
BRK-B,06/21/2021,$277.10 ,5486192,$275.62 ,$278.85 ,$275.43 
BRK-B,06/18/2021,$274.04 ,12567920,$276.50 ,$276.98 ,$272.46 
BRK-B,06/17/2021,$278.69 ,7136848,$284.29 ,$284.50 ,$277.56 
BRK-B,06/16/2021,$283.11 ,5629240,$283.73 ,$284.80 ,$281.08 
BRK-B,06/15/2021,$283.94 ,3760903,$284.46 ,$284.97 ,$282.65 
BRK-B,06/14/2021,$283.53 ,6102270,$286.66 ,$286.85 ,$281.52 
BRK-B,06/11/2021,$286.82 ,3524361,$285.45 ,$287.36 ,$285.02 
BRK-B,06/10/2021,$284.91 ,4044608,$289.88 ,$290.81 ,$284.68 
BRK-B,06/09/2021,$288.58 ,3502842,$288.88 ,$289.09 ,$287.05 
BRK-B,06/08/2021,$289.19 ,5036621,$289.18 ,$289.90 ,$285.70 
BRK-B,06/07/2021,$289.46 ,4442470,$292.56 ,$292.58 ,$288.84 
BRK-B,06/04/2021,$292.52 ,3273412,$292.91 ,$293.08 ,$291.45 
BRK-B,06/03/2021,$291.97 ,4099941,$288.36 ,$293.27 ,$288.28 
BRK-B,06/02/2021,$290.02 ,3517430,$290.85 ,$290.90 ,$289.22 
BRK-B,06/01/2021,$289.84 ,3335983,$291.52 ,$292.07 ,$288.81 
BRK-B,05/28/2021,$289.44 ,4522664,$289.68 ,$290.46 ,$288.23 
BRK-B,05/27/2021,$289.30 ,6610596,$288.57 ,$289.99 ,$286.57 
BRK-B,05/26/2021,$287.33 ,4756875,$289.64 ,$289.64 ,$285.75 
BRK-B,05/25/2021,$287.20 ,4754083,$290.19 ,$291.60 ,$287.11 
BRK-B,05/24/2021,$289.73 ,3947879,$289.11 ,$290.41 ,$287.91 
BRK-B,05/21/2021,$287.74 ,4232598,$287.12 ,$289.35 ,$286.75 
BRK-B,05/20/2021,$286.73 ,4143635,$288.41 ,$289.14 ,$285.90 
BRK-B,05/19/2021,$286.22 ,5272133,$284.11 ,$286.56 ,$282.57 
BRK-B,05/18/2021,$287.59 ,4361282,$290.20 ,$290.31 ,$287.24 
BRK-B,05/17/2021,$289.22 ,3882976,$289.99 ,$290.47 ,$288.07 
BRK-B,05/14/2021,$290.68 ,4263393,$288.67 ,$291.38 ,$288.67 
BRK-B,05/13/2021,$286.90 ,5246624,$282.91 ,$288.37 ,$282.85 
BRK-B,05/12/2021,$282.91 ,5313010,$285.46 ,$286.12 ,$282.55 
BRK-B,05/11/2021,$285.63 ,6814899,$289.84 ,$290.51 ,$284.29 
BRK-B,05/10/2021,$292.33 ,4542731,$292.35 ,$295.08 ,$292.07 
BRK-B,05/07/2021,$290.93 ,6101832,$289.97 ,$291.07 ,$287.77 
BRK-B,05/06/2021,$289.71 ,5965549,$284.69 ,$290.00 ,$284.05 
BRK-B,05/05/2021,$282.76 ,3013873,$282.52 ,$283.50 ,$282.23 
BRK-B,05/04/2021,$280.26 ,4467147,$278.54 ,$280.80 ,$276.78 
BRK-B,05/03/2021,$279.18 ,5185658,$278.55 ,$281.12 ,$277.67 
BRK-B,04/30/2021,$274.95 ,5213541,$276.29 ,$277.41 ,$274.21 
BRK-B,04/29/2021,$277.60 ,4543724,$274.47 ,$277.79 ,$274.35 
BRK-B,04/28/2021,$272.95 ,3176106,$273.54 ,$273.96 ,$272.13 
BRK-B,04/27/2021,$273.65 ,3176319,$271.07 ,$274.16 ,$270.05 
BRK-B,04/26/2021,$270.86 ,3577632,$272.28 ,$273.98 ,$270.63 
BRK-B,04/23/2021,$271.98 ,3684487,$269.86 ,$272.69 ,$269.56 
BRK-B,04/22/2021,$269.51 ,3734218,$272.04 ,$272.08 ,$268.78 
BRK-B,04/21/2021,$272.21 ,3897511,$267.80 ,$272.46 ,$267.75 
BRK-B,04/20/2021,$267.89 ,3741695,$268.53 ,$269.31 ,$266.80 
BRK-B,04/19/2021,$270.28 ,4235932,$272.30 ,$272.92 ,$268.85 
BRK-B,04/16/2021,$272.11 ,4710925,$270.47 ,$272.97 ,$270.11 
BRK-B,04/15/2021,$269.14 ,3921101,$268.06 ,$269.28 ,$266.39 
BRK-B,04/14/2021,$267.53 ,3124048,$267.31 ,$268.44 ,$267.15 
BRK-B,04/13/2021,$267.10 ,3558493,$267.42 ,$268.20 ,$266.05 
BRK-B,04/12/2021,$267.93 ,4294469,$266.53 ,$268.34 ,$266.53 
BRK-B,04/09/2021,$266.01 ,6054022,$264.22 ,$266.24 ,$263.35 
BRK-B,04/08/2021,$263.51 ,3113946,$262.72 ,$263.93 ,$261.91 
BRK-B,04/07/2021,$263.62 ,3585586,$262.99 ,$264.34 ,$262.40 
BRK-B,04/06/2021,$263.06 ,3069093,$262.86 ,$263.34 ,$261.94 
BRK-B,04/05/2021,$262.66 ,5050565,$260.02 ,$263.35 ,$260.00 
BRK-B,04/01/2021,$258.20 ,5573842,$255.74 ,$258.47 ,$254.80 
BRK-B,03/31/2021,$255.47 ,6580741,$256.86 ,$257.68 ,$255.17 
BRK-B,03/30/2021,$258.19 ,3879346,$259.94 ,$261.00 ,$257.24 
BRK-B,03/29/2021,$258.82 ,6643130,$253.93 ,$260.05 ,$253.30 
BRK-B,03/26/2021,$256.77 ,5801970,$252.75 ,$257.39 ,$252.42 
BRK-B,03/25/2021,$250.75 ,5505215,$249.38 ,$251.53 ,$246.79 
BRK-B,03/24/2021,$249.63 ,4167843,$249.55 ,$251.89 ,$248.50 
BRK-B,03/23/2021,$248.31 ,4624233,$250.20 ,$251.17 ,$247.71 
BRK-B,03/22/2021,$250.36 ,5370835,$250.60 ,$251.67 ,$248.86 
BRK-B,03/19/2021,$250.99 ,16649850,$252.31 ,$252.50 ,$248.52 
BRK-B,03/18/2021,$252.46 ,5558018,$253.76 ,$255.64 ,$251.38 
BRK-B,03/17/2021,$252.00 ,6775745,$252.02 ,$254.28 ,$250.66 
BRK-B,03/16/2021,$251.50 ,6720786,$254.53 ,$254.53 ,$249.82 
BRK-B,03/15/2021,$254.61 ,6979049,$260.31 ,$260.44 ,$253.52 
BRK-B,03/12/2021,$260.02 ,4498086,$262.40 ,$264.65 ,$259.67 
BRK-B,03/11/2021,$260.91 ,5921549,$264.22 ,$264.80 ,$260.42 
BRK-B,03/10/2021,$263.99 ,8945700,$260.30 ,$267.50 ,$259.64 
BRK-B,03/09/2021,$259.02 ,8276597,$258.55 ,$262.94 ,$255.61 
BRK-B,03/08/2021,$257.61 ,7135779,$255.60 ,$260.23 ,$253.73 
BRK-B,03/05/2021,$253.15 ,6401890,$248.89 ,$253.45 ,$247.33 
BRK-B,03/04/2021,$245.48 ,7843543,$251.08 ,$252.55 ,$243.23 
BRK-B,03/03/2021,$251.55 ,6093204,$249.73 ,$254.81 ,$249.29 
BRK-B,03/02/2021,$249.22 ,4686124,$249.12 ,$251.34 ,$248.37 
BRK-B,03/01/2021,$249.21 ,6334166,$246.86 ,$250.55 ,$246.09 
BRK-B,02/26/2021,$240.51 ,8087759,$245.15 ,$245.15 ,$240.25 
BRK-B,02/25/2021,$243.69 ,6459817,$248.07 ,$250.56 ,$242.93 
BRK-B,02/24/2021,$248.45 ,5106898,$245.15 ,$249.55 ,$245.15 
BRK-B,02/23/2021,$245.53 ,5455367,$245.56 ,$246.57 ,$243.29 
BRK-B,02/22/2021,$244.97 ,4013145,$240.89 ,$245.98 ,$240.80 
BRK-B,02/19/2021,$241.85 ,4254656,$244.20 ,$244.95 ,$241.36 
BRK-B,02/18/2021,$243.50 ,4049896,$244.73 ,$245.49 ,$241.67 
BRK-B,02/17/2021,$245.25 ,4323241,$244.14 ,$246.19 ,$244.00 
BRK-B,02/16/2021,$245.28 ,4726101,$244.14 ,$247.26 ,$242.82 
BRK-B,02/12/2021,$242.46 ,3422107,$238.07 ,$242.76 ,$238.03 
BRK-B,02/11/2021,$239.76 ,2909640,$239.36 ,$240.44 ,$238.88 
BRK-B,02/10/2021,$239.92 ,3825592,$241.43 ,$241.52 ,$239.04 
BRK-B,02/09/2021,$239.91 ,4774458,$237.07 ,$240.78 ,$235.66 
BRK-B,02/08/2021,$237.42 ,3329703,$236.00 ,$237.56 ,$235.35 
BRK-B,02/05/2021,$235.16 ,3812966,$236.98 ,$236.98 ,$234.83 
BRK-B,02/04/2021,$235.77 ,4452386,$232.84 ,$235.91 ,$232.41 
BRK-B,02/03/2021,$232.68 ,3807540,$232.40 ,$233.16 ,$231.28 
BRK-B,02/02/2021,$232.24 ,5302328,$231.21 ,$233.43 ,$230.67 
BRK-B,02/01/2021,$229.32 ,4068409,$229.97 ,$230.50 ,$228.04 
BRK-B,01/29/2021,$227.87 ,6388092,$229.45 ,$229.97 ,$227.21 
BRK-B,01/28/2021,$230.95 ,5943918,$229.76 ,$233.51 ,$228.16 
BRK-B,01/27/2021,$227.36 ,8230374,$230.00 ,$230.00 ,$226.10 
BRK-B,01/26/2021,$231.57 ,3945915,$233.00 ,$233.50 ,$231.33 
BRK-B,01/25/2021,$233.01 ,5098897,$231.67 ,$233.52 ,$230.45 
BRK-B,01/22/2021,$232.92 ,4465090,$232.50 ,$233.83 ,$232.21 
BRK-B,01/21/2021,$234.16 ,4319793,$235.22 ,$236.20 ,$234.08 
BRK-B,01/20/2021,$234.76 ,4876514,$234.00 ,$235.20 ,$233.24 
BRK-B,01/19/2021,$234.55 ,5503127,$234.64 ,$236.24 ,$231.70 
BRK-B,01/15/2021,$233.49 ,5226415,$234.10 ,$234.59 ,$231.91 
BRK-B,01/14/2021,$235.02 ,4530181,$234.79 ,$235.70 ,$233.84 
BRK-B,01/13/2021,$234.51 ,3828413,$232.00 ,$234.95 ,$231.71 
BRK-B,01/12/2021,$233.03 ,5618722,$233.31 ,$233.98 ,$231.70 
BRK-B,01/11/2021,$233.43 ,3882330,$231.22 ,$233.92 ,$231.02 
BRK-B,01/08/2021,$234.03 ,4850601,$233.54 ,$234.60 ,$231.72 
BRK-B,01/07/2021,$232.88 ,4693848,$232.78 ,$233.96 ,$231.33 
BRK-B,01/06/2021,$230.27 ,9012829,$229.49 ,$232.68 ,$227.55 
BRK-B,01/05/2021,$227.47 ,5531573,$228.21 ,$230.10 ,$226.85 
BRK-B,01/04/2021,$228.45 ,7405706,$231.73 ,$231.87 ,$226.85 
BRK-B,12/31/2020,$231.87 ,4228870,$229.28 ,$232.28 ,$228.89 
BRK-B,12/30/2020,$229.65 ,3257957,$229.54 ,$230.59 ,$229.08 
BRK-B,12/29/2020,$229.57 ,3800358,$230.50 ,$231.10 ,$229.10 
BRK-B,12/28/2020,$228.41 ,3507318,$228.09 ,$230.15 ,$227.36 
BRK-B,12/24/2020,$226.53 ,2386994,$224.60 ,$227.13 ,$224.21 
BRK-B,12/23/2020,$224.24 ,4984149,$222.63 ,$224.91 ,$222.61 
BRK-B,12/22/2020,$221.88 ,6165628,$223.58 ,$223.75 ,$221.76 
BRK-B,12/21/2020,$223.49 ,7376589,$222.02 ,$224.20 ,$221.26 
BRK-B,12/18/2020,$223.43 ,20672800,$224.79 ,$225.20 ,$221.68 
BRK-B,12/17/2020,$224.68 ,7390467,$222.51 ,$225.02 ,$221.67 
BRK-B,12/16/2020,$221.91 ,7994869,$225.48 ,$225.48 ,$221.82 
BRK-B,12/15/2020,$224.38 ,5169074,$224.83 ,$225.86 ,$222.73 
BRK-B,12/14/2020,$222.85 ,6545455,$227.68 ,$228.06 ,$222.36 
BRK-B,12/11/2020,$226.39 ,4028353,$225.20 ,$226.73 ,$224.60 
BRK-B,12/10/2020,$227.35 ,4567434,$226.45 ,$227.87 ,$225.73 
BRK-B,12/09/2020,$227.51 ,4874314,$228.57 ,$228.90 ,$226.64 
BRK-B,12/08/2020,$228.19 ,4590686,$227.46 ,$228.74 ,$226.61 
BRK-B,12/07/2020,$229.24 ,4743430,$231.26 ,$231.26 ,$228.10 
BRK-B,12/04/2020,$231.35 ,4753002,$230.24 ,$231.89 ,$230.24 
BRK-B,12/03/2020,$231.02 ,4699041,$230.00 ,$231.50 ,$228.87 
BRK-B,12/02/2020,$230.42 ,4681526,$229.80 ,$230.59 ,$228.31 
BRK-B,12/01/2020,$229.68 ,4442626,$230.23 ,$231.98 ,$229.34 
BRK-B,11/30/2020,$228.91 ,5989549,$231.19 ,$231.29 ,$228.17 
BRK-B,11/27/2020,$231.55 ,1935806,$233.10 ,$234.17 ,$230.45 
BRK-B,11/25/2020,$233.13 ,3249877,$233.92 ,$234.00 ,$232.01 
BRK-B,11/24/2020,$233.92 ,4714771,$232.45 ,$234.99 ,$231.24 
BRK-B,11/23/2020,$229.54 ,3632543,$229.77 ,$230.50 ,$228.04 
BRK-B,11/20/2020,$227.01 ,4028442,$228.78 ,$229.72 ,$226.77 
BRK-B,11/19/2020,$229.53 ,4623632,$229.67 ,$229.97 ,$227.62 
BRK-B,11/18/2020,$230.07 ,4741785,$233.57 ,$234.48 ,$230.00 
BRK-B,11/17/2020,$233.16 ,5040020,$231.93 ,$234.97 ,$230.01 
BRK-B,11/16/2020,$233.10 ,5768612,$230.58 ,$233.46 ,$229.86 
BRK-B,11/13/2020,$227.42 ,4790845,$226.50 ,$228.15 ,$225.29 
BRK-B,11/12/2020,$224.72 ,5111764,$225.01 ,$225.88 ,$223.18 
BRK-B,11/11/2020,$227.37 ,4789221,$228.50 ,$228.98 ,$225.47 
BRK-B,11/10/2020,$228.48 ,7059371,$221.82 ,$228.61 ,$220.94 
BRK-B,11/09/2020,$221.50 ,11343440,$221.97 ,$225.23 ,$218.01 
BRK-B,11/06/2020,$208.85 ,4324663,$208.45 ,$210.26 ,$207.59 
BRK-B,11/05/2020,$207.45 ,5940982,$208.69 ,$210.86 ,$206.97 
BRK-B,11/04/2020,$206.17 ,5978686,$206.59 ,$210.15 ,$204.78 
BRK-B,11/03/2020,$206.63 ,5472813,$206.93 ,$209.80 ,$206.36 
BRK-B,11/02/2020,$204.31 ,5940592,$204.84 ,$206.18 ,$203.06 
BRK-B,10/30/2020,$201.90 ,5755622,$200.51 ,$202.27 ,$198.70 
BRK-B,10/29/2020,$201.51 ,5227943,$200.03 ,$202.96 ,$197.81 
BRK-B,10/28/2020,$200.70 ,7538290,$202.68 ,$203.88 ,$199.79 
BRK-B,10/27/2020,$206.88 ,3039192,$208.00 ,$208.48 ,$206.58 
BRK-B,10/26/2020,$208.49 ,4717982,$209.64 ,$210.26 ,$207.00 
BRK-B,10/23/2020,$212.71 ,2831432,$212.43 ,$213.87 ,$211.73 
BRK-B,10/22/2020,$211.61 ,2949963,$209.63 ,$211.78 ,$209.23 
BRK-B,10/21/2020,$210.18 ,3196330,$208.97 ,$211.38 ,$208.61 
BRK-B,10/20/2020,$210.06 ,3888817,$209.63 ,$211.45 ,$209.41 
BRK-B,10/19/2020,$208.99 ,3413786,$212.16 ,$212.32 ,$208.20 
BRK-B,10/16/2020,$211.91 ,3630992,$211.84 ,$213.83 ,$211.81 
BRK-B,10/15/2020,$211.65 ,3063809,$209.27 ,$211.99 ,$208.22 
BRK-B,10/14/2020,$210.91 ,5026903,$212.02 ,$212.35 ,$210.54 
BRK-B,10/13/2020,$212.31 ,4850195,$215.76 ,$216.38 ,$212.00 
BRK-B,10/12/2020,$216.41 ,3903098,$216.74 ,$217.43 ,$215.12 
BRK-B,10/09/2020,$215.68 ,3091717,$215.88 ,$216.29 ,$214.16 
BRK-B,10/08/2020,$215.15 ,3612138,$214.39 ,$215.69 ,$213.44 
BRK-B,10/07/2020,$213.29 ,3759814,$212.33 ,$214.67 ,$211.36 
BRK-B,10/06/2020,$210.26 ,5315644,$212.65 ,$213.48 ,$209.65 
BRK-B,10/05/2020,$212.36 ,3649194,$213.09 ,$213.90 ,$212.05 
BRK-B,10/02/2020,$211.18 ,4421401,$209.84 ,$213.68 ,$209.53 
BRK-B,10/01/2020,$212.02 ,4758944,$214.30 ,$214.39 ,$210.62 
BRK-B,09/30/2020,$212.94 ,5822458,$211.11 ,$213.70 ,$210.75 
BRK-B,09/29/2020,$210.44 ,4037925,$213.59 ,$213.59 ,$210.24 
BRK-B,09/28/2020,$213.54 ,5043931,$213.22 ,$215.47 ,$212.02 
BRK-B,09/25/2020,$210.45 ,3563345,$207.00 ,$211.11 ,$206.82 
BRK-B,09/24/2020,$208.72 ,3963496,$209.14 ,$210.23 ,$206.58 
BRK-B,09/23/2020,$209.61 ,4424597,$213.94 ,$214.88 ,$209.38 
BRK-B,09/22/2020,$214.16 ,5291711,$212.54 ,$214.75 ,$211.70 
BRK-B,09/21/2020,$213.02 ,8342537,$214.00 ,$215.45 ,$208.73 
BRK-B,09/18/2020,$218.21 ,11864010,$219.08 ,$221.01 ,$217.83 
BRK-B,09/17/2020,$218.05 ,6942515,$218.46 ,$218.68 ,$216.50 
BRK-B,09/16/2020,$219.59 ,5663404,$220.28 ,$222.26 ,$219.19 
BRK-B,09/15/2020,$218.94 ,3864321,$220.08 ,$221.57 ,$218.45 
BRK-B,09/14/2020,$219.94 ,4070857,$219.00 ,$221.32 ,$218.30 
BRK-B,09/11/2020,$217.93 ,3437465,$218.00 ,$219.27 ,$216.92 
BRK-B,09/10/2020,$217.80 ,3838665,$220.54 ,$220.68 ,$217.15 
BRK-B,09/09/2020,$219.63 ,5418297,$218.95 ,$221.62 ,$218.52 
BRK-B,09/08/2020,$217.80 ,7001501,$217.28 ,$219.19 ,$215.34 
BRK-B,09/04/2020,$218.32 ,6042649,$219.95 ,$221.48 ,$215.06 
BRK-B,09/03/2020,$218.15 ,7095354,$222.00 ,$223.24 ,$216.43 
BRK-B,09/02/2020,$221.68 ,5495005,$218.13 ,$222.09 ,$218.13 
BRK-B,09/01/2020,$218.55 ,4134939,$216.92 ,$218.59 ,$216.62 
BRK-B,08/31/2020,$218.04 ,6134606,$218.62 ,$219.45 ,$217.65 
BRK-B,08/28/2020,$218.55 ,4291213,$217.51 ,$218.81 ,$215.73 
BRK-B,08/27/2020,$216.87 ,4814583,$214.99 ,$217.98 ,$214.76 
BRK-B,08/26/2020,$214.66 ,4640785,$212.98 ,$215.83 ,$212.30 
BRK-B,08/25/2020,$213.35 ,3676863,$213.56 ,$214.00 ,$212.85 
BRK-B,08/24/2020,$212.61 ,5040022,$209.23 ,$213.30 ,$208.91 
BRK-B,08/21/2020,$207.43 ,4786825,$205.52 ,$208.40 ,$205.52 
BRK-B,08/20/2020,$206.12 ,4134384,$205.17 ,$206.79 ,$204.51 
BRK-B,08/19/2020,$207.21 ,5831268,$209.19 ,$210.21 ,$206.66 
BRK-B,08/18/2020,$208.33 ,3501913,$206.95 ,$209.76 ,$206.80 
BRK-B,08/17/2020,$206.78 ,5486419,$210.05 ,$210.82 ,$206.34 
BRK-B,08/14/2020,$210.96 ,3444703,$211.04 ,$211.97 ,$210.25 
BRK-B,08/13/2020,$211.98 ,4537189,$212.93 ,$213.33 ,$211.66 
BRK-B,08/12/2020,$213.24 ,4792657,$213.10 ,$214.39 ,$212.31 
BRK-B,08/11/2020,$212.66 ,5689794,$214.74 ,$215.60 ,$212.24 
BRK-B,08/10/2020,$212.58 ,6635745,$211.34 ,$212.92 ,$209.40 
BRK-B,08/07/2020,$209.48 ,6191783,$204.20 ,$209.75 ,$204.00 
BRK-B,08/06/2020,$205.02 ,3387477,$203.00 ,$205.39 ,$202.70 
BRK-B,08/05/2020,$203.62 ,5269199,$201.44 ,$204.69 ,$201.00 
BRK-B,08/04/2020,$200.24 ,3839089,$198.97 ,$200.31 ,$198.11 
BRK-B,08/03/2020,$199.26 ,6253519,$197.28 ,$200.68 ,$196.00 
BRK-B,07/31/2020,$195.78 ,5943185,$195.06 ,$196.00 ,$193.33 
BRK-B,07/30/2020,$194.30 ,4834570,$193.43 ,$194.57 ,$192.25 
BRK-B,07/29/2020,$196.41 ,4069954,$194.03 ,$196.67 ,$193.73 
BRK-B,07/28/2020,$194.12 ,4412796,$190.90 ,$194.46 ,$190.61 
BRK-B,07/27/2020,$192.14 ,4312003,$193.83 ,$193.99 ,$191.77 
BRK-B,07/24/2020,$194.52 ,5143693,$193.25 ,$196.28 ,$193.05 
BRK-B,07/23/2020,$193.25 ,6039644,$191.71 ,$193.39 ,$191.48 
BRK-B,07/22/2020,$192.10 ,4184472,$191.78 ,$192.24 ,$190.63 
BRK-B,07/21/2020,$192.27 ,5257941,$190.40 ,$193.45 ,$190.40 
BRK-B,07/20/2020,$190.48 ,4092175,$190.02 ,$191.23 ,$189.48 
BRK-B,07/17/2020,$190.76 ,5187529,$191.77 ,$192.12 ,$190.47 
BRK-B,07/16/2020,$191.01 ,4773368,$188.32 ,$191.93 ,$188.32 
BRK-B,07/15/2020,$190.56 ,7558957,$192.64 ,$193.05 ,$188.75 
BRK-B,07/14/2020,$189.71 ,14687110,$182.42 ,$190.08 ,$182.42 
BRK-B,07/13/2020,$184.13 ,7888833,$183.81 ,$185.82 ,$183.31 
BRK-B,07/10/2020,$182.90 ,5487025,$178.26 ,$182.96 ,$178.09 
BRK-B,07/09/2020,$178.80 ,5424922,$181.79 ,$181.88 ,$177.77 
BRK-B,07/08/2020,$181.20 ,5557679,$180.42 ,$182.31 ,$179.77 
BRK-B,07/07/2020,$181.15 ,4956616,$182.02 ,$182.49 ,$180.60 
BRK-B,07/06/2020,$182.72 ,6449353,$183.10 ,$183.52 ,$181.59 
BRK-B,07/02/2020,$178.83 ,5165918,$180.45 ,$180.94 ,$178.24 
BRK-B,07/01/2020,$177.99 ,4623976,$178.41 ,$180.45 ,$177.34 
BRK-B,06/30/2020,$178.51 ,6766502,$176.75 ,$179.12 ,$176.51 
BRK-B,06/29/2020,$177.19 ,5222730,$175.90 ,$177.22 ,$175.33 
BRK-B,06/26/2020,$175.37 ,14776380,$176.71 ,$178.70 ,$174.63 
BRK-B,06/25/2020,$178.85 ,6385076,$176.58 ,$179.72 ,$176.06 
BRK-B,06/24/2020,$177.53 ,8086306,$179.61 ,$179.65 ,$177.26 
BRK-B,06/23/2020,$181.01 ,6382428,$181.87 ,$182.39 ,$180.40 
BRK-B,06/22/2020,$180.17 ,5822331,$179.55 ,$181.80 ,$178.87 
BRK-B,06/19/2020,$179.72 ,8765108,$183.50 ,$183.88 ,$179.01 
BRK-B,06/18/2020,$180.73 ,4924460,$179.90 ,$181.36 ,$179.04 
BRK-B,06/17/2020,$180.86 ,6458205,$183.03 ,$183.15 ,$180.11 
BRK-B,06/16/2020,$182.30 ,9414597,$186.55 ,$186.70 ,$179.75 
BRK-B,06/15/2020,$181.55 ,8111656,$177.00 ,$181.77 ,$176.05 
BRK-B,06/12/2020,$181.21 ,9479915,$184.02 ,$184.02 ,$178.22 
BRK-B,06/11/2020,$178.02 ,15387900,$185.00 ,$186.93 ,$177.93 
BRK-B,06/10/2020,$191.51 ,7351508,$195.85 ,$196.34 ,$191.37 
BRK-B,06/09/2020,$196.07 ,7735857,$197.15 ,$198.79 ,$195.83 
BRK-B,06/08/2020,$201.56 ,6706518,$202.34 ,$203.33 ,$199.56 
BRK-B,06/05/2020,$200.66 ,10400940,$197.88 ,$201.49 ,$196.22 
BRK-B,06/04/2020,$192.05 ,5818236,$190.41 ,$192.11 ,$189.69 
BRK-B,06/03/2020,$190.82 ,6710121,$188.75 ,$191.62 ,$187.81 
BRK-B,06/02/2020,$185.94 ,5806026,$183.99 ,$186.44 ,$183.99 
BRK-B,06/01/2020,$183.84 ,5722581,$185.53 ,$185.71 ,$183.19 
BRK-B,05/29/2020,$185.58 ,10631070,$183.08 ,$185.87 ,$182.53 
BRK-B,05/28/2020,$185.10 ,6315543,$187.24 ,$187.28 ,$183.92 
BRK-B,05/27/2020,$185.77 ,7416421,$184.67 ,$185.98 ,$183.80 
BRK-B,05/26/2020,$180.34 ,7110034,$179.99 ,$181.69 ,$178.68 
BRK-B,05/22/2020,$174.93 ,3589844,$174.86 ,$175.12 ,$173.21 
BRK-B,05/21/2020,$174.94 ,4062440,$175.74 ,$176.65 ,$174.47 
BRK-B,05/20/2020,$176.02 ,5459007,$174.61 ,$176.87 ,$174.29 
BRK-B,05/19/2020,$172.49 ,5580754,$174.12 ,$174.87 ,$172.34 
BRK-B,05/18/2020,$175.46 ,7463845,$174.00 ,$176.87 ,$172.31 
BRK-B,05/15/2020,$169.25 ,5941213,$169.82 ,$170.66 ,$168.52 
BRK-B,05/14/2020,$170.93 ,7016473,$168.80 ,$171.40 ,$167.04 
BRK-B,05/13/2020,$170.57 ,10262670,$172.00 ,$172.61 ,$169.44 
BRK-B,05/12/2020,$172.81 ,6483703,$175.20 ,$175.71 ,$172.73 
BRK-B,05/11/2020,$174.64 ,9239404,$175.23 ,$175.96 ,$173.61 
BRK-B,05/08/2020,$176.83 ,5798965,$176.71 ,$177.26 ,$174.28 
BRK-B,05/07/2020,$173.48 ,6702275,$173.40 ,$175.38 ,$173.05 
BRK-B,05/06/2020,$172.38 ,9016047,$176.94 ,$177.04 ,$172.34 
BRK-B,05/05/2020,$176.03 ,9019874,$180.05 ,$180.23 ,$175.93 
BRK-B,05/04/2020,$177.95 ,9455779,$179.78 ,$180.36 ,$176.34 
BRK-B,05/01/2020,$182.67 ,7516538,$185.21 ,$185.89 ,$181.64 
BRK-B,04/30/2020,$187.36 ,8224394,$188.30 ,$189.87 ,$186.71 
BRK-B,04/29/2020,$189.61 ,7654591,$190.64 ,$192.68 ,$188.93 
BRK-B,04/28/2020,$187.12 ,6679292,$190.54 ,$191.00 ,$187.00 
BRK-B,04/27/2020,$187.46 ,6625074,$187.78 ,$189.37 ,$186.35 
BRK-B,04/24/2020,$186.52 ,5206780,$187.08 ,$187.28 ,$184.42 
BRK-B,04/23/2020,$185.63 ,6214098,$186.99 ,$187.35 ,$184.50 
BRK-B,04/22/2020,$186.58 ,5473376,$186.46 ,$187.37 ,$185.34 
BRK-B,04/21/2020,$183.48 ,5886829,$184.17 ,$185.78 ,$183.28 
BRK-B,04/20/2020,$188.75 ,6475978,$188.72 ,$189.35 ,$187.30 
BRK-B,04/17/2020,$191.20 ,8275774,$192.89 ,$192.90 ,$189.02 
BRK-B,04/16/2020,$187.96 ,6257017,$188.90 ,$188.99 ,$185.80 
BRK-B,04/15/2020,$188.57 ,6143064,$188.56 ,$189.59 ,$187.47 
BRK-B,04/14/2020,$192.94 ,7033292,$193.32 ,$194.16 ,$190.82 
BRK-B,04/13/2020,$188.77 ,7897317,$193.85 ,$193.85 ,$186.08 
BRK-B,04/09/2020,$193.84 ,10525210,$194.00 ,$197.23 ,$191.45 
BRK-B,04/08/2020,$191.01 ,6112986,$187.55 ,$191.42 ,$185.14 
BRK-B,04/07/2020,$185.25 ,8151274,$191.99 ,$192.00 ,$184.90 
BRK-B,04/06/2020,$185.24 ,9943688,$184.61 ,$186.41 ,$180.49 
BRK-B,04/03/2020,$178.34 ,6645402,$178.59 ,$180.22 ,$175.44 
BRK-B,04/02/2020,$179.73 ,7276305,$175.00 ,$180.31 ,$174.23 
BRK-B,04/01/2020,$175.95 ,8684977,$176.18 ,$178.67 ,$174.19 
BRK-B,03/31/2020,$182.83 ,8999502,$182.05 ,$186.17 ,$180.57 
BRK-B,03/30/2020,$183.18 ,7674376,$180.04 ,$184.11 ,$178.00 
BRK-B,03/27/2020,$179.66 ,10264580,$178.50 ,$184.24 ,$176.72 
BRK-B,03/26/2020,$183.90 ,14145130,$181.29 ,$184.96 ,$179.59 
BRK-B,03/25/2020,$180.47 ,13856490,$180.01 ,$189.07 ,$175.17 
BRK-B,03/24/2020,$178.20 ,14094000,$170.91 ,$179.14 ,$169.53 
BRK-B,03/23/2020,$162.13 ,16512830,$165.30 ,$166.69 ,$159.50 
BRK-B,03/20/2020,$170.06 ,15218820,$176.30 ,$177.18 ,$167.29 
BRK-B,03/19/2020,$174.68 ,12492310,$170.21 ,$176.18 ,$166.00 
BRK-B,03/18/2020,$172.44 ,16682840,$177.29 ,$181.39 ,$167.00 
BRK-B,03/17/2020,$187.60 ,15081850,$181.88 ,$187.81 ,$177.00 
BRK-B,03/16/2020,$177.77 ,14171800,$174.00 ,$188.38 ,$173.62 
BRK-B,03/13/2020,$196.40 ,14867020,$187.45 ,$196.50 ,$178.41 
BRK-B,03/12/2020,$175.97 ,22303500,$183.60 ,$187.67 ,$175.00 
BRK-B,03/11/2020,$194.64 ,9586080,$197.32 ,$198.13 ,$192.87 
BRK-B,03/10/2020,$202.73 ,10931660,$201.35 ,$202.86 ,$195.05 
BRK-B,03/09/2020,$193.13 ,13986190,$195.00 ,$198.48 ,$192.26 
BRK-B,03/06/2020,$205.98 ,9443910,$203.48 ,$207.41 ,$202.35 
BRK-B,03/05/2020,$208.96 ,8114450,$212.55 ,$212.75 ,$207.01 
BRK-B,03/04/2020,$217.86 ,7409199,$212.14 ,$218.34 ,$209.26 
BRK-B,03/03/2020,$208.81 ,10717120,$217.39 ,$218.15 ,$206.20 
BRK-B,03/02/2020,$217.63 ,10408120,$207.25 ,$218.80 ,$204.43 
BRK-B,02/28/2020,$206.34 ,15149590,$201.92 ,$206.44 ,$199.68 
BRK-B,02/27/2020,$207.67 ,10945540,$212.90 ,$214.38 ,$207.28 
BRK-B,02/26/2020,$216.06 ,6907568,$219.65 ,$220.63 ,$215.94 
BRK-B,02/25/2020,$218.05 ,8560131,$222.20 ,$223.24 ,$216.76 
BRK-B,02/24/2020,$221.69 ,7933733,$221.31 ,$223.94 ,$220.27 
BRK-B,02/21/2020,$229.33 ,4702108,$227.53 ,$230.07 ,$226.98 
BRK-B,02/20/2020,$228.17 ,3549133,$229.76 ,$229.79 ,$227.15 
BRK-B,02/19/2020,$229.24 ,3189102,$227.68 ,$229.71 ,$226.93 
BRK-B,02/18/2020,$226.77 ,3153466,$226.39 ,$227.38 ,$225.27 
BRK-B,02/14/2020,$226.80 ,2506699,$226.49 ,$227.14 ,$225.52 
BRK-B,02/13/2020,$226.47 ,2838906,$226.53 ,$227.40 ,$226.10 
BRK-B,02/12/2020,$227.44 ,3786174,$227.60 ,$228.84 ,$226.91 
BRK-B,02/11/2020,$227.33 ,2918511,$228.59 ,$228.59 ,$227.02 
BRK-B,02/10/2020,$227.11 ,2945177,$227.17 ,$227.75 ,$225.13 
BRK-B,02/07/2020,$227.38 ,2886854,$228.07 ,$228.62 ,$226.67 
BRK-B,02/06/2020,$229.61 ,2801166,$229.56 ,$230.08 ,$228.53 
BRK-B,02/05/2020,$228.65 ,3364133,$226.91 ,$228.68 ,$226.75 
BRK-B,02/04/2020,$225.08 ,3643707,$226.15 ,$226.94 ,$224.79 
BRK-B,02/03/2020,$223.47 ,3525322,$225.48 ,$226.32 ,$223.00 
BRK-B,01/31/2020,$224.43 ,3948507,$226.49 ,$226.97 ,$223.43 
BRK-B,01/30/2020,$227.88 ,3355343,$223.11 ,$228.08 ,$222.48 
BRK-B,01/29/2020,$224.50 ,2311394,$224.75 ,$226.40 ,$224.31 
BRK-B,01/28/2020,$224.03 ,3613154,$223.44 ,$225.35 ,$223.16 
BRK-B,01/27/2020,$222.45 ,5455063,$223.70 ,$223.90 ,$221.11 
BRK-B,01/24/2020,$226.86 ,4024035,$229.40 ,$229.41 ,$226.04 
BRK-B,01/23/2020,$229.38 ,4750042,$229.43 ,$229.77 ,$227.35 
BRK-B,01/22/2020,$229.54 ,3164373,$229.00 ,$230.38 ,$228.41 
BRK-B,01/21/2020,$228.63 ,5842158,$229.85 ,$231.13 ,$227.95 
BRK-B,01/17/2020,$230.20 ,6603956,$230.13 ,$231.61 ,$229.55 
BRK-B,01/16/2020,$229.73 ,3037238,$229.34 ,$230.03 ,$228.52 
BRK-B,01/15/2020,$228.35 ,2664870,$226.80 ,$228.64 ,$226.78 
BRK-B,01/14/2020,$227.17 ,3356233,$227.85 ,$228.39 ,$226.88 
BRK-B,01/13/2020,$228.45 ,3287976,$227.05 ,$228.47 ,$226.13 
BRK-B,01/10/2020,$226.62 ,2573152,$228.50 ,$228.53 ,$226.59 
BRK-B,01/09/2020,$228.65 ,3497724,$226.92 ,$228.85 ,$226.92 
BRK-B,01/08/2020,$225.99 ,3782033,$226.03 ,$227.84 ,$225.87 
BRK-B,01/07/2020,$225.92 ,3530280,$227.26 ,$227.26 ,$225.44 
BRK-B,01/06/2020,$226.99 ,4263359,$224.99 ,$227.13 ,$224.70 
BRK-B,01/03/2020,$226.18 ,3024008,$225.69 ,$227.43 ,$225.48 
BRK-B,01/02/2020,$228.39 ,3767253,$227.51 ,$228.39 ,$226.71 
BRK-B,12/31/2019,$226.50 ,3145359,$226.16 ,$226.72 ,$225.14 
BRK-B,12/30/2019,$225.76 ,2769821,$226.14 ,$226.60 ,$224.67 
BRK-B,12/27/2019,$226.14 ,2769665,$226.86 ,$226.97 ,$225.57 
BRK-B,12/26/2019,$226.45 ,1725982,$225.92 ,$226.51 ,$225.64 
BRK-B,12/24/2019,$225.47 ,961133,$225.24 ,$225.65 ,$224.88 
BRK-B,12/23/2019,$225.48 ,3504201,$226.61 ,$226.67 ,$224.93 
BRK-B,12/20/2019,$226.31 ,11574290,$226.24 ,$227.80 ,$225.56 
BRK-B,12/19/2019,$225.21 ,4967692,$224.66 ,$225.66 ,$224.16 
BRK-B,12/18/2019,$225.01 ,5963388,$227.06 ,$227.20 ,$224.89 
BRK-B,12/17/2019,$227.05 ,4867651,$227.27 ,$228.23 ,$226.55 
BRK-B,12/16/2019,$226.85 ,4280417,$226.77 ,$227.81 ,$226.29 
BRK-B,12/13/2019,$225.37 ,3160709,$225.92 ,$226.50 ,$223.96 
BRK-B,12/12/2019,$225.92 ,5124306,$222.88 ,$226.52 ,$222.53 
BRK-B,12/11/2019,$222.57 ,3547432,$221.21 ,$222.65 ,$221.01 
BRK-B,12/10/2019,$221.26 ,2690874,$222.07 ,$222.07 ,$220.21 
BRK-B,12/09/2019,$221.38 ,2616647,$222.71 ,$223.30 ,$221.19 
BRK-B,12/06/2019,$222.61 ,3447861,$221.64 ,$223.00 ,$221.33 
BRK-B,12/05/2019,$219.60 ,2319936,$218.99 ,$219.75 ,$218.05 
BRK-B,12/04/2019,$218.40 ,2667728,$217.95 ,$218.88 ,$217.54 
BRK-B,12/03/2019,$218.08 ,4501807,$218.82 ,$218.90 ,$216.40 
BRK-B,12/02/2019,$220.33 ,3888736,$220.60 ,$221.38 ,$220.11 
BRK-B,11/29/2019,$220.30 ,2256461,$220.50 ,$220.58 ,$219.83 
BRK-B,11/27/2019,$220.50 ,3947243,$219.25 ,$220.59 ,$218.48 
BRK-B,11/26/2019,$218.90 ,3718712,$219.11 ,$219.20 ,$217.72 
BRK-B,11/25/2019,$219.06 ,3650331,$218.74 ,$219.39 ,$218.26 
BRK-B,11/22/2019,$217.96 ,2393303,$216.96 ,$217.99 ,$216.80 
BRK-B,11/21/2019,$216.63 ,3707678,$217.30 ,$217.71 ,$216.30 
BRK-B,11/20/2019,$217.48 ,4966467,$218.01 ,$218.37 ,$216.01 
BRK-B,11/19/2019,$219.03 ,3378196,$219.93 ,$220.00 ,$218.78 
BRK-B,11/18/2019,$219.35 ,3894984,$219.95 ,$220.05 ,$218.39 
BRK-B,11/15/2019,$219.74 ,3477460,$220.18 ,$220.43 ,$218.74 
BRK-B,11/14/2019,$219.36 ,2831807,$219.77 ,$219.87 ,$217.91 
BRK-B,11/13/2019,$219.77 ,3190818,$219.72 ,$220.27 ,$218.61 
BRK-B,11/12/2019,$220.89 ,2657678,$220.98 ,$222.19 ,$220.54 
BRK-B,11/11/2019,$220.85 ,2380511,$220.20 ,$221.09 ,$219.87 
BRK-B,11/08/2019,$221.31 ,3347189,$222.75 ,$223.00 ,$219.89 
BRK-B,11/07/2019,$222.74 ,4396330,$222.81 ,$223.37 ,$221.67 
BRK-B,11/06/2019,$222.00 ,3664010,$221.09 ,$222.03 ,$220.11 
BRK-B,11/05/2019,$220.88 ,5321850,$218.69 ,$221.68 ,$218.43 
BRK-B,11/04/2019,$217.98 ,4157127,$217.77 ,$218.62 ,$216.98 
BRK-B,11/01/2019,$215.83 ,4778977,$213.55 ,$216.63 ,$213.40 
BRK-B,10/31/2019,$212.58 ,4305999,$213.01 ,$213.71 ,$211.54 
BRK-B,10/30/2019,$213.25 ,3298217,$212.99 ,$213.43 ,$211.67 
BRK-B,10/29/2019,$213.01 ,2630512,$212.38 ,$213.17 ,$211.61 
BRK-B,10/28/2019,$212.86 ,3521940,$212.31 ,$213.34 ,$212.14 
BRK-B,10/25/2019,$211.80 ,2539457,$209.87 ,$212.33 ,$209.75 
BRK-B,10/24/2019,$210.26 ,3147560,$211.16 ,$211.32 ,$209.72 
BRK-B,10/23/2019,$210.96 ,2415596,$210.50 ,$211.01 ,$209.54 
BRK-B,10/22/2019,$210.62 ,2720621,$211.03 ,$211.97 ,$210.47 
BRK-B,10/21/2019,$211.49 ,3337638,$210.00 ,$211.54 ,$209.76 
BRK-B,10/18/2019,$208.76 ,3581579,$208.45 ,$209.62 ,$208.20 
BRK-B,10/17/2019,$208.62 ,3576676,$209.26 ,$209.98 ,$208.51 
BRK-B,10/16/2019,$209.29 ,3233940,$208.37 ,$209.97 ,$208.37 
BRK-B,10/15/2019,$209.38 ,3055578,$207.73 ,$210.15 ,$207.57 
BRK-B,10/14/2019,$207.91 ,1903109,$208.01 ,$208.07 ,$206.93 
BRK-B,10/11/2019,$208.08 ,4408767,$208.97 ,$210.08 ,$207.73 
BRK-B,10/10/2019,$206.86 ,2979733,$206.37 ,$208.19 ,$206.08 
BRK-B,10/09/2019,$206.69 ,3210433,$204.94 ,$207.23 ,$204.73 
BRK-B,10/08/2019,$204.09 ,4187853,$205.62 ,$206.14 ,$203.93 
BRK-B,10/07/2019,$207.24 ,2720630,$207.36 ,$209.60 ,$206.19 
BRK-B,10/04/2019,$208.08 ,3572235,$205.09 ,$208.28 ,$205.05 
BRK-B,10/03/2019,$204.98 ,4308064,$202.65 ,$205.09 ,$201.33 
BRK-B,10/02/2019,$203.10 ,5939951,$206.09 ,$206.09 ,$202.38 
BRK-B,10/01/2019,$206.71 ,3512543,$208.94 ,$209.66 ,$206.44 
BRK-B,09/30/2019,$208.02 ,3167632,$207.77 ,$208.70 ,$207.53 
BRK-B,09/27/2019,$207.45 ,2843689,$207.73 ,$208.64 ,$206.54 
BRK-B,09/26/2019,$206.90 ,2823123,$208.19 ,$208.19 ,$206.35 
BRK-B,09/25/2019,$208.11 ,3291982,$206.50 ,$209.44 ,$206.23 
BRK-B,09/24/2019,$206.40 ,3710573,$208.17 ,$208.89 ,$205.74 
BRK-B,09/23/2019,$207.96 ,3076510,$207.02 ,$208.53 ,$206.40 
BRK-B,09/20/2019,$208.12 ,10704250,$210.37 ,$210.37 ,$207.27 
BRK-B,09/19/2019,$209.22 ,2736437,$210.78 ,$211.44 ,$208.90 
BRK-B,09/18/2019,$210.90 ,2734580,$209.89 ,$211.32 ,$209.12 
BRK-B,09/17/2019,$210.15 ,3863004,$210.35 ,$211.16 ,$208.68 
BRK-B,09/16/2019,$210.33 ,3472741,$212.06 ,$212.10 ,$209.94 
BRK-B,09/13/2019,$213.61 ,4244903,$212.24 ,$214.58 ,$212.22 
BRK-B,09/12/2019,$211.37 ,4599340,$211.00 ,$212.68 ,$210.72 
BRK-B,09/11/2019,$210.91 ,4439914,$208.27 ,$210.93 ,$207.53 
BRK-B,09/10/2019,$208.31 ,3878591,$207.31 ,$208.31 ,$206.13 
BRK-B,09/09/2019,$206.62 ,4565146,$205.51 ,$207.80 ,$205.20 
BRK-B,09/06/2019,$204.73 ,3409358,$204.44 ,$205.15 ,$203.86 
BRK-B,09/05/2019,$204.24 ,3969863,$204.13 ,$206.22 ,$203.77 
BRK-B,09/04/2019,$202.19 ,3209056,$202.73 ,$202.94 ,$201.30 
BRK-B,09/03/2019,$200.90 ,3637136,$201.19 ,$201.83 ,$200.19 
BRK-B,08/30/2019,$203.41 ,3632301,$204.02 ,$204.35 ,$202.73 
BRK-B,08/29/2019,$203.20 ,3328295,$201.71 ,$203.80 ,$201.66 
BRK-B,08/28/2019,$200.45 ,3405503,$198.02 ,$200.57 ,$197.53 
BRK-B,08/27/2019,$198.35 ,3069044,$200.76 ,$201.30 ,$198.04 
BRK-B,08/26/2019,$200.20 ,3094943,$198.70 ,$200.20 ,$197.44 
BRK-B,08/23/2019,$197.16 ,5948735,$200.19 ,$200.92 ,$195.96 
BRK-B,08/22/2019,$201.01 ,3214384,$199.80 ,$201.87 ,$199.80 
BRK-B,08/21/2019,$199.24 ,3532077,$199.01 ,$199.77 ,$198.71 
BRK-B,08/20/2019,$198.15 ,4043522,$200.27 ,$200.29 ,$198.02 
BRK-B,08/19/2019,$200.94 ,4216714,$202.72 ,$203.10 ,$200.38 
BRK-B,08/16/2019,$199.72 ,4796046,$200.50 ,$200.88 ,$198.55 
BRK-B,08/15/2019,$198.31 ,4644724,$197.08 ,$199.04 ,$196.38 
BRK-B,08/14/2019,$195.81 ,5839062,$195.78 ,$197.25 ,$195.61 
BRK-B,08/13/2019,$198.78 ,3914758,$197.46 ,$201.00 ,$196.50 
BRK-B,08/12/2019,$197.20 ,3194483,$197.61 ,$199.47 ,$196.91 
BRK-B,08/09/2019,$199.05 ,4334639,$200.19 ,$200.55 ,$197.67 
BRK-B,08/08/2019,$200.52 ,4143445,$199.93 ,$200.87 ,$198.12 
BRK-B,08/07/2019,$198.21 ,5326559,$198.56 ,$199.30 ,$195.40 
BRK-B,08/06/2019,$200.55 ,5500809,$199.61 ,$200.93 ,$197.90 
BRK-B,08/05/2019,$197.73 ,7621861,$199.90 ,$201.10 ,$197.16 
BRK-B,08/02/2019,$202.67 ,5696980,$201.79 ,$204.43 ,$199.42 
BRK-B,08/01/2019,$201.71 ,4829521,$205.63 ,$206.98 ,$201.49 
BRK-B,07/31/2019,$205.43 ,4634512,$207.80 ,$209.50 ,$205.30 
BRK-B,07/30/2019,$207.81 ,1977839,$207.89 ,$208.36 ,$206.86 
BRK-B,07/29/2019,$208.61 ,2834084,$210.00 ,$210.00 ,$208.42 
BRK-B,07/26/2019,$209.90 ,3654607,$207.82 ,$210.03 ,$206.75 
BRK-B,07/25/2019,$207.90 ,3022205,$208.37 ,$208.37 ,$206.53 
BRK-B,07/24/2019,$207.97 ,3105425,$205.74 ,$208.01 ,$205.63 
BRK-B,07/23/2019,$206.46 ,3086415,$205.51 ,$206.63 ,$204.92 
BRK-B,07/22/2019,$204.84 ,3086088,$205.34 ,$206.16 ,$204.36 
BRK-B,07/19/2019,$205.97 ,3513524,$208.11 ,$208.25 ,$205.65 
BRK-B,07/18/2019,$207.98 ,3612161,$207.52 ,$209.09 ,$207.12 
BRK-B,07/17/2019,$207.45 ,4325198,$212.52 ,$212.96 ,$207.41 
BRK-B,07/16/2019,$212.88 ,2709343,$214.29 ,$215.04 ,$212.78 
BRK-B,07/15/2019,$213.54 ,2715629,$214.44 ,$214.44 ,$212.82 
BRK-B,07/12/2019,$214.10 ,2360685,$213.20 ,$214.19 ,$212.51 
BRK-B,07/11/2019,$213.17 ,3119597,$214.31 ,$214.55 ,$212.98 
BRK-B,07/10/2019,$214.03 ,3704992,$215.21 ,$216.58 ,$213.77 
BRK-B,07/09/2019,$214.75 ,2687024,$213.02 ,$214.92 ,$212.97 
BRK-B,07/08/2019,$215.13 ,2978431,$214.00 ,$215.80 ,$213.91 
BRK-B,07/05/2019,$215.25 ,3324183,$215.13 ,$215.77 ,$213.90 
BRK-B,07/03/2019,$215.16 ,2489136,$215.00 ,$215.25 ,$212.66 
BRK-B,07/02/2019,$214.54 ,3054355,$214.38 ,$215.59 ,$213.40 
BRK-B,07/01/2019,$214.62 ,3467241,$214.25 ,$215.21 ,$213.21 
BRK-B,06/28/2019,$213.17 ,7472388,$213.00 ,$213.33 ,$211.32 
BRK-B,06/27/2019,$212.02 ,4182800,$208.97 ,$212.54 ,$208.81 
BRK-B,06/26/2019,$208.51 ,3937817,$208.28 ,$210.00 ,$208.21 
BRK-B,06/25/2019,$208.07 ,3727362,$207.41 ,$208.48 ,$206.80 
BRK-B,06/24/2019,$206.85 ,3164398,$206.39 ,$207.59 ,$205.96 
BRK-B,06/21/2019,$206.21 ,5994485,$208.43 ,$208.72 ,$206.03 
BRK-B,06/20/2019,$208.04 ,3836861,$208.51 ,$208.75 ,$206.04 
BRK-B,06/19/2019,$206.75 ,3320746,$206.36 ,$208.31 ,$206.14 
BRK-B,06/18/2019,$206.01 ,3670723,$204.47 ,$206.46 ,$203.98 
BRK-B,06/17/2019,$203.48 ,2819964,$205.85 ,$205.85 ,$203.16 
BRK-B,06/14/2019,$205.16 ,2512373,$204.87 ,$205.85 ,$203.85 
BRK-B,06/13/2019,$204.99 ,2257756,$204.46 ,$205.76 ,$204.30 
BRK-B,06/12/2019,$204.57 ,2835868,$206.20 ,$206.60 ,$203.92 
BRK-B,06/11/2019,$206.63 ,2545954,$208.50 ,$208.99 ,$206.00 
BRK-B,06/10/2019,$207.16 ,2865546,$207.12 ,$208.08 ,$206.46 
BRK-B,06/07/2019,$205.81 ,2672721,$204.95 ,$206.54 ,$204.80 
BRK-B,06/06/2019,$204.77 ,3005213,$202.90 ,$205.39 ,$202.54 
BRK-B,06/05/2019,$203.30 ,3210940,$202.38 ,$203.35 ,$200.91 
BRK-B,06/04/2019,$201.59 ,4112641,$200.63 ,$201.65 ,$199.57 
BRK-B,06/03/2019,$198.56 ,3979035,$197.62 ,$198.92 ,$196.89 
BRK-B,05/31/2019,$197.42 ,3685173,$198.32 ,$198.83 ,$197.08 
BRK-B,05/30/2019,$199.74 ,3646258,$199.06 ,$200.21 ,$198.76 
BRK-B,05/29/2019,$198.52 ,4625776,$198.95 ,$199.49 ,$197.34 
BRK-B,05/28/2019,$199.70 ,6914939,$202.05 ,$202.41 ,$199.52 
BRK-B,05/24/2019,$201.69 ,3314493,$202.12 ,$202.12 ,$200.79 
BRK-B,05/23/2019,$201.30 ,4737449,$200.80 ,$202.18 ,$199.32 
BRK-B,05/22/2019,$202.60 ,2776131,$202.72 ,$203.49 ,$201.70 
BRK-B,05/21/2019,$203.36 ,2664427,$203.16 ,$203.99 ,$202.50 
BRK-B,05/20/2019,$202.73 ,2645277,$202.64 ,$203.18 ,$201.75 
BRK-B,05/17/2019,$203.27 ,4614709,$203.00 ,$205.46 ,$202.45 
BRK-B,05/16/2019,$204.63 ,3074219,$203.90 ,$206.66 ,$203.90 
BRK-B,05/15/2019,$202.98 ,4024275,$202.79 ,$204.13 ,$201.39 
BRK-B,05/14/2019,$203.69 ,4005193,$205.67 ,$206.82 ,$203.45 
BRK-B,05/13/2019,$205.01 ,5186169,$204.96 ,$205.91 ,$204.30 
BRK-B,05/10/2019,$209.02 ,4075724,$207.89 ,$209.29 ,$204.31 
BRK-B,05/09/2019,$208.56 ,4251265,$207.34 ,$208.92 ,$204.39 
BRK-B,05/08/2019,$209.29 ,3838173,$208.26 ,$211.72 ,$207.60 
BRK-B,05/07/2019,$209.43 ,5266714,$211.34 ,$211.60 ,$207.41 
BRK-B,05/06/2019,$213.16 ,5657206,$214.69 ,$215.51 ,$211.54 
BRK-B,05/03/2019,$218.60 ,3382560,$217.14 ,$219.16 ,$216.87 
BRK-B,05/02/2019,$215.93 ,2646680,$217.19 ,$217.70 ,$215.17 
BRK-B,05/01/2019,$216.71 ,3769217,$217.22 ,$218.79 ,$216.49 
BRK-B,04/30/2019,$216.71 ,3577347,$217.32 ,$217.32 ,$214.70 
BRK-B,04/29/2019,$216.58 ,3415359,$214.92 ,$217.22 ,$214.60 
BRK-B,04/26/2019,$214.22 ,3110479,$211.85 ,$214.22 ,$211.81 
BRK-B,04/25/2019,$211.95 ,3121176,$209.62 ,$212.67 ,$209.34 
BRK-B,04/24/2019,$210.57 ,3207521,$211.55 ,$212.02 ,$210.23 
BRK-B,04/23/2019,$211.61 ,3446273,$209.50 ,$211.88 ,$208.89 
BRK-B,04/22/2019,$209.49 ,1927747,$209.50 ,$210.37 ,$208.88 
BRK-B,04/18/2019,$209.99 ,2491813,$210.96 ,$211.43 ,$209.73 
BRK-B,04/17/2019,$210.37 ,2848209,$212.39 ,$212.49 ,$209.68 
BRK-B,04/16/2019,$211.80 ,2643351,$210.15 ,$211.84 ,$210.00 
BRK-B,04/15/2019,$209.74 ,2587064,$210.52 ,$210.55 ,$207.76 
BRK-B,04/12/2019,$210.56 ,4678969,$208.08 ,$211.67 ,$207.58 
BRK-B,04/11/2019,$206.67 ,2987374,$204.76 ,$207.09 ,$204.27 
BRK-B,04/10/2019,$204.52 ,2614134,$205.12 ,$205.23 ,$203.60 
BRK-B,04/09/2019,$204.92 ,2584821,$204.84 ,$204.97 ,$203.59 
BRK-B,04/08/2019,$205.25 ,2623080,$205.14 ,$205.64 ,$203.97 
BRK-B,04/05/2019,$205.33 ,3362770,$204.12 ,$205.53 ,$203.10 
BRK-B,04/04/2019,$204.10 ,2423118,$203.26 ,$204.94 ,$202.79 
BRK-B,04/03/2019,$203.67 ,2779903,$205.46 ,$205.70 ,$202.90 
BRK-B,04/02/2019,$203.88 ,2593812,$204.91 ,$205.43 ,$203.59 
BRK-B,04/01/2019,$205.00 ,4469078,$202.16 ,$205.30 ,$202.00 
BRK-B,03/29/2019,$200.89 ,4619149,$201.34 ,$201.70 ,$200.03 
BRK-B,03/28/2019,$200.66 ,3107851,$199.40 ,$200.75 ,$198.40 
BRK-B,03/27/2019,$199.21 ,3609411,$200.72 ,$201.20 ,$198.23 
BRK-B,03/26/2019,$200.62 ,3737804,$200.83 ,$201.32 ,$198.70 
BRK-B,03/25/2019,$199.44 ,4057249,$200.83 ,$201.98 ,$198.20 
BRK-B,03/22/2019,$200.55 ,5870028,$203.28 ,$204.01 ,$200.06 
BRK-B,03/21/2019,$204.43 ,4181934,$202.92 ,$204.70 ,$201.91 
BRK-B,03/20/2019,$203.27 ,4046319,$205.43 ,$205.45 ,$202.98 
BRK-B,03/19/2019,$205.15 ,3821824,$207.75 ,$207.75 ,$204.56 
BRK-B,03/18/2019,$206.68 ,3882815,$204.67 ,$206.95 ,$204.67 
BRK-B,03/15/2019,$204.31 ,7738718,$204.08 ,$206.16 ,$203.86 
BRK-B,03/14/2019,$203.38 ,2903975,$203.26 ,$204.36 ,$202.68 
BRK-B,03/13/2019,$204.06 ,3613940,$203.00 ,$205.36 ,$202.66 
BRK-B,03/12/2019,$202.50 ,3654493,$202.66 ,$203.73 ,$202.23 
BRK-B,03/11/2019,$202.09 ,3804154,$199.62 ,$202.30 ,$199.47 
BRK-B,03/08/2019,$198.70 ,3750125,$197.91 ,$198.94 ,$197.03 
BRK-B,03/07/2019,$199.30 ,5104953,$200.58 ,$200.58 ,$197.99 
BRK-B,03/06/2019,$200.67 ,3200126,$201.61 ,$202.30 ,$200.57 
BRK-B,03/05/2019,$201.47 ,5108177,$201.76 ,$202.00 ,$200.58 
BRK-B,03/04/2019,$201.81 ,4640306,$203.09 ,$204.87 ,$200.58 
BRK-B,03/01/2019,$203.13 ,3529287,$203.15 ,$203.84 ,$201.84 
BRK-B,02/28/2019,$201.30 ,3587641,$202.68 ,$202.94 ,$201.11 
BRK-B,02/27/2019,$202.29 ,4246414,$201.72 ,$202.30 ,$201.25 
BRK-B,02/26/2019,$201.90 ,4892241,$202.40 ,$202.65 ,$201.30 
BRK-B,02/25/2019,$202.31 ,5145503,$201.70 ,$205.00 ,$201.22 
BRK-B,02/22/2019,$201.91 ,5572499,$204.25 ,$204.59 ,$199.92 
BRK-B,02/21/2019,$205.33 ,3642637,$206.27 ,$206.86 ,$204.35 
BRK-B,02/20/2019,$206.16 ,2972433,$205.78 ,$206.92 ,$204.94 
BRK-B,02/19/2019,$205.69 ,3203954,$205.10 ,$206.32 ,$204.68 
BRK-B,02/15/2019,$205.29 ,5043723,$204.86 ,$205.79 ,$204.07 
BRK-B,02/14/2019,$202.78 ,3601795,$204.64 ,$204.64 ,$201.60 
BRK-B,02/13/2019,$205.80 ,3318206,$206.96 ,$208.08 ,$205.41 
BRK-B,02/12/2019,$206.15 ,3467787,$204.94 ,$206.67 ,$204.87 
BRK-B,02/11/2019,$203.05 ,3572192,$201.69 ,$203.33 ,$201.32 
BRK-B,02/08/2019,$200.92 ,4664794,$200.82 ,$201.20 ,$198.21 
BRK-B,02/07/2019,$201.73 ,4859567,$204.53 ,$204.99 ,$200.57 
BRK-B,02/06/2019,$206.01 ,3652385,$207.24 ,$207.24 ,$205.10 
BRK-B,02/05/2019,$207.82 ,4159815,$209.10 ,$209.16 ,$206.53 
BRK-B,02/04/2019,$208.52 ,3700006,$209.16 ,$209.40 ,$207.05 
BRK-B,02/01/2019,$209.19 ,5991667,$206.52 ,$209.30 ,$206.20 
BRK-B,01/31/2019,$205.54 ,8640139,$204.68 ,$208.01 ,$203.64 
BRK-B,01/30/2019,$205.96 ,4515788,$203.31 ,$207.59 ,$203.05 
BRK-B,01/29/2019,$202.05 ,2758346,$200.92 ,$202.15 ,$200.50 
BRK-B,01/28/2019,$200.95 ,3636952,$201.49 ,$201.75 ,$199.81 
BRK-B,01/25/2019,$202.75 ,3822159,$203.05 ,$204.74 ,$202.00 
BRK-B,01/24/2019,$201.02 ,4074481,$199.75 ,$201.60 ,$199.75 
BRK-B,01/23/2019,$201.15 ,3705434,$200.72 ,$201.31 ,$198.50 
BRK-B,01/22/2019,$200.72 ,5378267,$203.52 ,$204.96 ,$199.14 
BRK-B,01/18/2019,$204.48 ,5931726,$200.70 ,$204.73 ,$200.24 
BRK-B,01/17/2019,$198.78 ,3499136,$197.70 ,$199.41 ,$196.46 
BRK-B,01/16/2019,$198.41 ,5029739,$197.64 ,$199.57 ,$197.24 
BRK-B,01/15/2019,$196.94 ,3192958,$195.79 ,$197.25 ,$195.20 
BRK-B,01/14/2019,$195.78 ,3928714,$194.78 ,$196.44 ,$194.46 
BRK-B,01/11/2019,$196.29 ,3496340,$195.66 ,$196.65 ,$194.50 
BRK-B,01/10/2019,$196.58 ,3593012,$195.51 ,$197.90 ,$194.96 
BRK-B,01/09/2019,$196.37 ,3585142,$197.30 ,$197.68 ,$194.95 
BRK-B,01/08/2019,$196.31 ,4367271,$198.99 ,$199.08 ,$194.66 
BRK-B,01/07/2019,$196.91 ,5151352,$196.39 ,$198.28 ,$195.37 
BRK-B,01/04/2019,$195.20 ,6586089,$194.85 ,$196.69 ,$193.88 
BRK-B,01/03/2019,$191.66 ,8275344,$199.97 ,$200.22 ,$191.04 
BRK-B,01/02/2019,$202.80 ,4766359,$201.73 ,$204.40 ,$201.15 
BRK-B,12/31/2018,$204.18 ,5451129,$204.23 ,$205.01 ,$201.00 
BRK-B,12/28/2018,$202.08 ,5374026,$200.72 ,$204.74 ,$200.20 
BRK-B,12/27/2018,$200.12 ,7109811,$195.60 ,$200.12 ,$191.90 
BRK-B,12/26/2018,$197.57 ,7100471,$188.65 ,$197.93 ,$186.10 
BRK-B,12/24/2018,$187.76 ,5020639,$190.70 ,$191.64 ,$187.11 
BRK-B,12/21/2018,$192.10 ,14765060,$192.22 ,$197.80 ,$191.57 
BRK-B,12/20/2018,$193.58 ,8972476,$194.01 ,$195.37 ,$191.11 
BRK-B,12/19/2018,$195.17 ,6269791,$196.51 ,$201.31 ,$193.33 
BRK-B,12/18/2018,$196.52 ,6586242,$199.65 ,$200.34 ,$194.44 
BRK-B,12/17/2018,$197.92 ,5917031,$199.77 ,$202.20 ,$197.10 
BRK-B,12/14/2018,$200.00 ,4992836,$200.96 ,$201.75 ,$199.58 
BRK-B,12/13/2018,$202.42 ,4505235,$202.00 ,$203.56 ,$201.51 
BRK-B,12/12/2018,$202.48 ,4151793,$205.00 ,$205.59 ,$202.28 
BRK-B,12/11/2018,$202.28 ,4388236,$206.12 ,$206.89 ,$200.51 
BRK-B,12/10/2018,$203.26 ,5592903,$204.10 ,$204.74 ,$198.49 
BRK-B,12/07/2018,$204.88 ,5277738,$208.14 ,$210.85 ,$203.57 
BRK-B,12/06/2018,$207.96 ,8285750,$207.05 ,$208.12 ,$202.92 
BRK-B,12/04/2018,$210.12 ,7584567,$220.13 ,$220.28 ,$209.71 
BRK-B,12/03/2018,$220.81 ,5089348,$221.98 ,$223.59 ,$218.95 
BRK-B,11/30/2018,$218.24 ,5146257,$217.23 ,$219.08 ,$216.93 
BRK-B,11/29/2018,$217.70 ,3832531,$215.85 ,$219.38 ,$215.80 
BRK-B,11/28/2018,$217.50 ,3916057,$213.00 ,$217.64 ,$212.44 
BRK-B,11/27/2018,$212.53 ,4049188,$209.82 ,$212.84 ,$209.51 
BRK-B,11/26/2018,$210.63 ,3851116,$209.30 ,$211.00 ,$208.64 
BRK-B,11/23/2018,$207.07 ,2273955,$209.25 ,$209.99 ,$207.03 
BRK-B,11/21/2018,$210.86 ,2835052,$211.30 ,$213.74 ,$210.53 
BRK-B,11/20/2018,$210.71 ,7424037,$215.31 ,$215.99 ,$210.42 
BRK-B,11/19/2018,$217.94 ,4271387,$218.28 ,$218.73 ,$215.26 
BRK-B,11/16/2018,$218.41 ,4338882,$217.00 ,$220.50 ,$215.46 
BRK-B,11/15/2018,$217.38 ,4210767,$214.83 ,$217.57 ,$212.14 
BRK-B,11/14/2018,$216.03 ,4401539,$219.50 ,$220.72 ,$213.80 
BRK-B,11/13/2018,$217.92 ,4064148,$215.61 ,$219.15 ,$215.18 
BRK-B,11/12/2018,$215.42 ,3336273,$219.96 ,$220.19 ,$215.00 
BRK-B,11/09/2018,$219.63 ,3948311,$221.67 ,$221.99 ,$218.30 
BRK-B,11/08/2018,$222.42 ,4137219,$221.24 ,$223.52 ,$220.55 
BRK-B,11/07/2018,$221.24 ,4671344,$219.99 ,$221.55 ,$217.56 
BRK-B,11/06/2018,$218.51 ,3876645,$216.75 ,$218.74 ,$216.46 
BRK-B,11/05/2018,$216.24 ,7489418,$213.51 ,$217.51 ,$212.96 
BRK-B,11/02/2018,$206.57 ,5059162,$207.50 ,$208.71 ,$203.39 
BRK-B,11/01/2018,$205.86 ,3812592,$205.60 ,$206.28 ,$204.32 
BRK-B,10/31/2018,$205.28 ,5658338,$205.21 ,$208.07 ,$204.50 
BRK-B,10/30/2018,$203.35 ,5906154,$199.65 ,$203.76 ,$198.70 
BRK-B,10/29/2018,$200.04 ,4919862,$201.23 ,$203.61 ,$197.93 
BRK-B,10/26/2018,$198.49 ,6732259,$199.01 ,$200.69 ,$197.29 
BRK-B,10/25/2018,$201.98 ,4532261,$200.73 ,$203.43 ,$200.14 
BRK-B,10/24/2018,$199.81 ,4701119,$202.77 ,$203.69 ,$199.57 
BRK-B,10/23/2018,$204.00 ,4700264,$203.10 ,$205.25 ,$201.88 
BRK-B,10/22/2018,$206.19 ,3228234,$210.77 ,$210.77 ,$206.03 
BRK-B,10/19/2018,$209.83 ,4801452,$208.49 ,$210.75 ,$207.80 
BRK-B,10/18/2018,$208.70 ,3131173,$210.00 ,$211.27 ,$207.32 
BRK-B,10/17/2018,$210.52 ,3464262,$209.83 ,$211.67 ,$207.31 
BRK-B,10/16/2018,$209.83 ,4541572,$206.66 ,$210.78 ,$205.92 
BRK-B,10/15/2018,$205.03 ,4167456,$207.46 ,$207.46 ,$204.67 
BRK-B,10/12/2018,$206.80 ,5505137,$210.04 ,$210.60 ,$204.00 
BRK-B,10/11/2018,$205.19 ,8313858,$209.90 ,$211.09 ,$203.28 
BRK-B,10/10/2018,$213.10 ,7809571,$224.00 ,$224.07 ,$212.54 
BRK-B,10/09/2018,$223.76 ,4513143,$221.85 ,$223.94 ,$221.01 
BRK-B,10/08/2018,$222.06 ,5368001,$219.16 ,$222.76 ,$219.02 
BRK-B,10/05/2018,$219.46 ,4075145,$219.70 ,$220.40 ,$218.69 
BRK-B,10/04/2018,$218.97 ,4424728,$216.43 ,$219.00 ,$216.36 
BRK-B,10/03/2018,$216.40 ,3273545,$215.75 ,$217.78 ,$215.50 
BRK-B,10/02/2018,$215.29 ,2917541,$214.43 ,$215.54 ,$214.04 
BRK-B,10/01/2018,$214.78 ,2973011,$215.92 ,$216.14 ,$213.94 
BRK-B,09/28/2018,$214.11 ,4367315,$216.38 ,$216.38 ,$213.86 
BRK-B,09/27/2018,$216.70 ,3052985,$216.74 ,$217.68 ,$215.23 
BRK-B,09/26/2018,$216.11 ,3791858,$218.05 ,$218.42 ,$215.77 
BRK-B,09/25/2018,$218.05 ,2982572,$218.43 ,$218.98 ,$217.41 
BRK-B,09/24/2018,$218.13 ,4481087,$220.48 ,$220.68 ,$217.91 
BRK-B,09/21/2018,$220.52 ,13280470,$222.13 ,$222.69 ,$220.13 
BRK-B,09/20/2018,$221.68 ,5281151,$221.78 ,$223.00 ,$221.30 
BRK-B,09/19/2018,$220.95 ,4287905,$218.22 ,$221.32 ,$217.80 
BRK-B,09/18/2018,$218.30 ,3561046,$216.30 ,$218.50 ,$216.30 
BRK-B,09/17/2018,$216.29 ,3030600,$216.99 ,$217.13 ,$215.73 
BRK-B,09/14/2018,$216.37 ,3144980,$215.50 ,$216.51 ,$215.30 
BRK-B,09/13/2018,$214.89 ,3933349,$215.02 ,$215.42 ,$214.17 
BRK-B,09/12/2018,$214.59 ,3449864,$214.54 ,$215.43 ,$214.15 
BRK-B,09/11/2018,$215.10 ,3537426,$214.04 ,$215.87 ,$212.76 
BRK-B,09/10/2018,$215.11 ,3798777,$215.00 ,$216.27 ,$214.42 
BRK-B,09/07/2018,$214.04 ,3884412,$212.50 ,$214.47 ,$212.50 
BRK-B,09/06/2018,$212.88 ,3598103,$211.60 ,$213.40 ,$211.57 
BRK-B,09/05/2018,$212.26 ,3708836,$209.81 ,$212.46 ,$209.49 
BRK-B,09/04/2018,$210.05 ,2775724,$209.21 ,$210.10 ,$208.04 
BRK-B,08/31/2018,$208.72 ,4333442,$210.00 ,$210.30 ,$208.10 
BRK-B,08/30/2018,$209.75 ,4683785,$211.08 ,$211.30 ,$209.67 
BRK-B,08/29/2018,$211.27 ,3176036,$211.00 ,$211.32 ,$210.18 
BRK-B,08/28/2018,$210.77 ,2811426,$210.88 ,$211.20 ,$210.01 
BRK-B,08/27/2018,$210.51 ,3165587,$208.56 ,$210.75 ,$208.52 
BRK-B,08/24/2018,$207.98 ,2334752,$207.75 ,$208.16 ,$207.33 
BRK-B,08/23/2018,$207.24 ,2350239,$207.58 ,$207.79 ,$206.66 
BRK-B,08/22/2018,$207.33 ,2440008,$207.63 ,$207.97 ,$206.96 
BRK-B,08/21/2018,$208.49 ,2626165,$208.81 ,$209.35 ,$208.10 
BRK-B,08/20/2018,$208.46 ,2464005,$208.43 ,$209.54 ,$207.83 
BRK-B,08/17/2018,$208.14 ,2742155,$207.57 ,$208.47 ,$206.92 
BRK-B,08/16/2018,$207.56 ,3575680,$205.39 ,$207.62 ,$204.60 
BRK-B,08/15/2018,$204.50 ,3539356,$205.01 ,$205.49 ,$203.57 
BRK-B,08/14/2018,$205.83 ,2772114,$205.30 ,$206.48 ,$204.90 
BRK-B,08/13/2018,$205.17 ,3837872,$206.63 ,$207.01 ,$205.04 
BRK-B,08/10/2018,$206.63 ,4357681,$207.30 ,$207.77 ,$205.59 
BRK-B,08/09/2018,$209.10 ,4684645,$209.00 ,$209.65 ,$208.72 
BRK-B,08/08/2018,$208.94 ,3868877,$208.81 ,$209.71 ,$208.43 
BRK-B,08/07/2018,$208.72 ,6157839,$207.50 ,$209.94 ,$207.15 
BRK-B,08/06/2018,$206.06 ,6671858,$204.89 ,$208.11 ,$204.62 
BRK-B,08/03/2018,$200.24 ,4986944,$198.50 ,$200.42 ,$198.12 
BRK-B,08/02/2018,$198.06 ,3267171,$197.20 ,$198.76 ,$196.77 
BRK-B,08/01/2018,$197.85 ,4003808,$198.80 ,$199.70 ,$197.32 
BRK-B,07/31/2018,$197.87 ,4902529,$199.00 ,$199.54 ,$197.06 
BRK-B,07/30/2018,$199.09 ,3987603,$197.80 ,$199.91 ,$197.80 
BRK-B,07/27/2018,$197.95 ,3939246,$198.00 ,$198.90 ,$197.18 
BRK-B,07/26/2018,$197.46 ,3765344,$198.27 ,$198.99 ,$197.28 
BRK-B,07/25/2018,$197.61 ,3742035,$198.21 ,$198.21 ,$196.81 
BRK-B,07/24/2018,$198.46 ,3323004,$198.45 ,$199.96 ,$198.22 
BRK-B,07/23/2018,$197.85 ,3582602,$196.25 ,$198.87 ,$196.20 
BRK-B,07/20/2018,$196.78 ,4073879,$197.00 ,$197.66 ,$196.46 
BRK-B,07/19/2018,$197.49 ,4620667,$200.35 ,$200.96 ,$197.30 
BRK-B,07/18/2018,$200.44 ,10465390,$195.50 ,$201.40 ,$195.35 
BRK-B,07/17/2018,$190.41 ,3445927,$192.00 ,$192.19 ,$190.27 
BRK-B,07/16/2018,$192.00 ,2621510,$190.70 ,$192.23 ,$190.70 
BRK-B,07/13/2018,$190.96 ,2693673,$189.77 ,$191.29 ,$189.13 
BRK-B,07/12/2018,$189.96 ,3040213,$190.90 ,$190.99 ,$188.91 
BRK-B,07/11/2018,$189.91 ,3294684,$188.73 ,$190.64 ,$188.56 
BRK-B,07/10/2018,$189.90 ,2682045,$189.75 ,$190.62 ,$189.15 
BRK-B,07/09/2018,$189.64 ,3341710,$188.11 ,$189.82 ,$187.82 
BRK-B,07/06/2018,$187.56 ,2717238,$187.50 ,$188.69 ,$186.52 
BRK-B,07/05/2018,$187.50 ,3115160,$187.07 ,$187.63 ,$186.23 
BRK-B,07/03/2018,$186.02 ,2031235,$188.46 ,$188.73 ,$185.72 
BRK-B,07/02/2018,$187.83 ,3520919,$186.09 ,$188.10 ,$185.97 
BRK-B,06/29/2018,$186.65 ,5184931,$188.46 ,$189.28 ,$186.29 
BRK-B,06/28/2018,$187.09 ,4216670,$185.43 ,$187.94 ,$185.16 
BRK-B,06/27/2018,$184.91 ,4425413,$186.50 ,$187.89 ,$184.75 
BRK-B,06/26/2018,$186.44 ,4322405,$186.52 ,$187.62 ,$185.78 
BRK-B,06/25/2018,$186.73 ,6061932,$188.63 ,$188.83 ,$185.18 
BRK-B,06/22/2018,$188.91 ,6990352,$190.00 ,$190.48 ,$188.66 
BRK-B,06/21/2018,$188.86 ,4969484,$189.05 ,$189.84 ,$187.97 
BRK-B,06/20/2018,$189.50 ,5232999,$190.47 ,$190.89 ,$189.20 
BRK-B,06/19/2018,$190.35 ,4023342,$190.05 ,$191.18 ,$189.35 
BRK-B,06/18/2018,$191.11 ,3506819,$190.64 ,$191.36 ,$189.91 
BRK-B,06/15/2018,$191.76 ,7285647,$192.28 ,$192.50 ,$190.52 
BRK-B,06/14/2018,$192.50 ,4915322,$194.92 ,$195.00 ,$192.04 
BRK-B,06/13/2018,$194.55 ,3441062,$195.13 ,$196.00 ,$194.26 
BRK-B,06/12/2018,$195.27 ,2844790,$195.97 ,$195.99 ,$194.71 
BRK-B,06/11/2018,$195.33 ,3461874,$196.30 ,$196.74 ,$195.19 
BRK-B,06/08/2018,$196.01 ,3640720,$195.34 ,$196.40 ,$194.27 
BRK-B,06/07/2018,$195.57 ,4295985,$194.66 ,$195.68 ,$193.75 
BRK-B,06/06/2018,$193.99 ,4013778,$191.69 ,$194.00 ,$191.57 
BRK-B,06/05/2018,$190.77 ,4323429,$191.37 ,$191.40 ,$190.14 
BRK-B,06/04/2018,$191.30 ,4439517,$193.00 ,$193.41 ,$191.25 
BRK-B,06/01/2018,$192.23 ,3809197,$192.90 ,$193.38 ,$191.59 
BRK-B,05/31/2018,$191.53 ,5752551,$194.29 ,$194.29 ,$191.42 